<metadata xml:lang="en"><Esri><CreaDate>20250516</CreaDate><CreaTime>08504800</CreaTime><ArcGISFormat>1.0</ArcGISFormat><ArcGISstyle>FGDC CSDGM Metadata</ArcGISstyle><SyncOnce>FALSE</SyncOnce><DataProperties><itemProps><itemName Sync="TRUE">VotingPrecincts</itemName><nativeExtBox><westBL Sync="TRUE">111848.441300</westBL><eastBL Sync="TRUE">1030197.813000</eastBL><southBL Sync="TRUE">17695.301400</southBL><northBL Sync="TRUE">547983.438400</northBL><exTypeCode Sync="TRUE">1</exTypeCode></nativeExtBox><itemLocation><linkage Sync="TRUE">file://\\MSLGEOINFO2833\D$\Publish\MontanaVotingPrecincts_shp\VotingPrecincts.shp</linkage><protocol Sync="TRUE">Local Area Network</protocol></itemLocation><imsContentType Sync="TRUE">002</imsContentType><itemSize Sync="TRUE">0.000</itemSize></itemProps><coordRef><type Sync="TRUE">Projected</type><geogcsn Sync="TRUE">GCS_NAD_1983_2011</geogcsn><csUnits Sync="TRUE">Linear Unit: Meter (1.000000)</csUnits><projcsn Sync="TRUE">NAD_1983_2011_StatePlane_Montana_FIPS_2500</projcsn><peXml Sync="TRUE">&lt;ProjectedCoordinateSystem xsi:type='typens:ProjectedCoordinateSystem' xmlns:xsi='http://www.w3.org/2001/XMLSchema-instance' xmlns:xs='http://www.w3.org/2001/XMLSchema' xmlns:typens='http://www.esri.com/schemas/ArcGIS/10.7'&gt;&lt;WKT&gt;PROJCS[&amp;quot;NAD_1983_2011_StatePlane_Montana_FIPS_2500&amp;quot;,GEOGCS[&amp;quot;GCS_NAD_1983_2011&amp;quot;,DATUM[&amp;quot;D_NAD_1983_2011&amp;quot;,SPHEROID[&amp;quot;GRS_1980&amp;quot;,6378137.0,298.257222101]],PRIMEM[&amp;quot;Greenwich&amp;quot;,0.0],UNIT[&amp;quot;Degree&amp;quot;,0.0174532925199433]],PROJECTION[&amp;quot;Lambert_Conformal_Conic&amp;quot;],PARAMETER[&amp;quot;False_Easting&amp;quot;,600000.0],PARAMETER[&amp;quot;False_Northing&amp;quot;,0.0],PARAMETER[&amp;quot;Central_Meridian&amp;quot;,-109.5],PARAMETER[&amp;quot;Standard_Parallel_1&amp;quot;,45.0],PARAMETER[&amp;quot;Standard_Parallel_2&amp;quot;,49.0],PARAMETER[&amp;quot;Latitude_Of_Origin&amp;quot;,44.25],UNIT[&amp;quot;Meter&amp;quot;,1.0],AUTHORITY[&amp;quot;EPSG&amp;quot;,6514]]&lt;/WKT&gt;&lt;XOrigin&gt;-35666000&lt;/XOrigin&gt;&lt;YOrigin&gt;-30006900&lt;/YOrigin&gt;&lt;XYScale&gt;124182419.54917815&lt;/XYScale&gt;&lt;ZOrigin&gt;-100000&lt;/ZOrigin&gt;&lt;ZScale&gt;10000&lt;/ZScale&gt;&lt;MOrigin&gt;-100000&lt;/MOrigin&gt;&lt;MScale&gt;10000&lt;/MScale&gt;&lt;XYTolerance&gt;0.001&lt;/XYTolerance&gt;&lt;ZTolerance&gt;0.001&lt;/ZTolerance&gt;&lt;MTolerance&gt;0.001&lt;/MTolerance&gt;&lt;HighPrecision&gt;true&lt;/HighPrecision&gt;&lt;WKID&gt;103093&lt;/WKID&gt;&lt;LatestWKID&gt;6514&lt;/LatestWKID&gt;&lt;/ProjectedCoordinateSystem&gt;</peXml></coordRef><lineage><Process ToolSource="c:\program files (x86)\arcgis\desktop10.7\ArcToolbox\Toolboxes\Data Management Tools.tbx\Project" Date="20250516" Time="085046">Project D:\Scratch\20250425\Publish_20250425.gdb\BNDY_VotingPrecincts D:\Publish\Boundaries.gdb\VotingPrecincts PROJCS['WGS_1984_Web_Mercator_Auxiliary_Sphere',GEOGCS['GCS_WGS_1984',DATUM['D_WGS_1984',SPHEROID['WGS_1984',6378137.0,298.257223563]],PRIMEM['Greenwich',0.0],UNIT['Degree',0.0174532925199433]],PROJECTION['Mercator_Auxiliary_Sphere'],PARAMETER['False_Easting',0.0],PARAMETER['False_Northing',0.0],PARAMETER['Central_Meridian',0.0],PARAMETER['Standard_Parallel_1',0.0],PARAMETER['Auxiliary_Sphere_Type',0.0],UNIT['Meter',1.0]] WGS_1984_(ITRF08)_To_NAD_1983_2011 PROJCS['NAD_1983_2011_StatePlane_Montana_FIPS_2500',GEOGCS['GCS_NAD_1983_2011',DATUM['D_NAD_1983_2011',SPHEROID['GRS_1980',6378137.0,298.257222101]],PRIMEM['Greenwich',0.0],UNIT['Degree',0.0174532925199433]],PROJECTION['Lambert_Conformal_Conic'],PARAMETER['False_Easting',600000.0],PARAMETER['False_Northing',0.0],PARAMETER['Central_Meridian',-109.5],PARAMETER['Standard_Parallel_1',45.0],PARAMETER['Standard_Parallel_2',49.0],PARAMETER['Latitude_Of_Origin',44.25],UNIT['Meter',1.0]] NO_PRESERVE_SHAPE # NO_VERTICAL</Process><Process ToolSource="c:\program files (x86)\arcgis\desktop10.7\ArcToolbox\Toolboxes\Data Management Tools.tbx\Project" Date="20250516" Time="085049">Project D:\Publish\Boundaries.gdb\\VotingPrecincts D:\\Publish\MontanaVotingPrecincts.gdb\VotingPrecincts PROJCS['NAD_1983_2011_StatePlane_Montana_FIPS_2500',GEOGCS['GCS_NAD_1983_2011',DATUM['D_NAD_1983_2011',SPHEROID['GRS_1980',6378137.0,298.257222101]],PRIMEM['Greenwich',0.0],UNIT['Degree',0.0174532925199433]],PROJECTION['Lambert_Conformal_Conic'],PARAMETER['False_Easting',600000.0],PARAMETER['False_Northing',0.0],PARAMETER['Central_Meridian',-109.5],PARAMETER['Standard_Parallel_1',45.0],PARAMETER['Standard_Parallel_2',49.0],PARAMETER['Latitude_Of_Origin',44.25],UNIT['Meter',1.0]] WGS_1984_(ITRF08)_To_NAD_1983_2011 PROJCS['WGS_1984_Web_Mercator_Auxiliary_Sphere',GEOGCS['GCS_WGS_1984',DATUM['D_WGS_1984',SPHEROID['WGS_1984',6378137.0,298.257223563]],PRIMEM['Greenwich',0.0],UNIT['Degree',0.0174532925199433]],PROJECTION['Mercator_Auxiliary_Sphere'],PARAMETER['False_Easting',0.0],PARAMETER['False_Northing',0.0],PARAMETER['Central_Meridian',0.0],PARAMETER['Standard_Parallel_1',0.0],PARAMETER['Auxiliary_Sphere_Type',0.0],UNIT['Meter',1.0]] NO_PRESERVE_SHAPE # NO_VERTICAL</Process><Process ToolSource="c:\program files (x86)\arcgis\desktop10.7\ArcToolbox\Toolboxes\Data Management Tools.tbx\CopyFeatures" Date="20250516" Time="085050">CopyFeatures D:\\Publish\MontanaVotingPrecincts.gdb\VotingPrecincts D:\\Publish\\MontanaVotingPrecincts_shp\VotingPrecincts.shp # 0 0 0</Process></lineage></DataProperties><SyncDate>20250516</SyncDate><SyncTime>08505000</SyncTime><ModDate>20250516</ModDate><ModTime>08505000</ModTime><scaleRange><minScale>50000</minScale><maxScale>5000</maxScale></scaleRange><ArcGISProfile>FGDC</ArcGISProfile></Esri><mdLang><languageCode value="eng"/><countryCode value="USA" Sync="TRUE"/></mdLang><mdChar><CharSetCd value="004"/></mdChar><mdHrLv><ScopeCd value="005"/></mdHrLv><mdContact><rpOrgName>Montana State Library</rpOrgName><rpCntInfo><cntAddress addressType="both"><delPoint>PO Box 201800</delPoint><city>Helena</city><adminArea>MT</adminArea><postCode>59620-1800</postCode><country>US</country><eMailAdd>https://msl.mt.gov</eMailAdd><delPoint>1201 11th Ave</delPoint></cntAddress><cntPhone><voiceNum tddtty="">406-444-3115</voiceNum><faxNum>406-444-0266</faxNum><voiceNum tddtty="True">Montana Relay 711</voiceNum></cntPhone><cntInstr>For GIS assistance please submit a GIS Support Ticket: https://msl.mt.gov/geoinfo/Help/</cntInstr></rpCntInfo><displayName>Meghan Burns</displayName><role><RoleCd value="007"/></role></mdContact><mdStanName>ArcGIS Metadata</mdStanName><mdStanVer>1.0</mdStanVer><distInfo><distributor><distorCont><rpOrgName>Montana State Library</rpOrgName><rpCntInfo><cntAddress addressType="both"><delPoint>PO Box 201800</delPoint><city>Helena</city><adminArea>MT</adminArea><postCode>5920-1800</postCode><country>US</country><eMailAdd>https://msl.mt.gov</eMailAdd><delPoint>1201 11th Ave</delPoint></cntAddress><cntPhone><voiceNum tddtty="">406-444-3115</voiceNum><faxNum>406-444-0266</faxNum><voiceNum tddtty="True">Montana Relay 711</voiceNum></cntPhone><cntInstr>For GIS assistance please submit a GIS Support Ticket: https://msl.mt.gov/geoinfo/Help/</cntInstr></rpCntInfo><displayName>Meghan Burns</displayName><role><RoleCd value="005"/></role></distorCont></distributor><distTranOps><onLineSrc><linkage>https://ftpgeoinfo.msl.mt.gov/Data/Spatial/MSDI/AdministrativeBoundaries/</linkage><orFunct><OnFunctCd value="001"/></orFunct></onLineSrc><transSize Sync="TRUE">0.000</transSize></distTranOps><distFormat><formatName Sync="FALSE">File Geodatabase</formatName></distFormat><distFormat><formatName>Shapefile</formatName></distFormat></distInfo><dataIdInfo><idCitation><resTitle Sync="FALSE">Montana Voting Precincts</resTitle><date><pubDate>2025-05-01T00:00:00</pubDate></date><citRespParty><rpOrgName>Montana State Library</rpOrgName><rpCntInfo><cntAddress addressType="both"><delPoint>PO Box 201800</delPoint><city>Helena</city><adminArea>MT</adminArea><postCode>59620-1800</postCode><country>US</country><eMailAdd>https://msl.mt.gov</eMailAdd><delPoint>1201 11th Ave</delPoint></cntAddress><cntPhone><voiceNum tddtty="False">406-444-3115</voiceNum><faxNum>406-444-0266</faxNum><voiceNum tddtty="True">Montana Relay 711</voiceNum></cntPhone><cntInstr>For GIS assistance please submit a GIS Support Ticket: https://msl.mt.gov/geoinfo/Help/</cntInstr></rpCntInfo><displayName>Meghan Burns</displayName><displayName>Meghan Burns</displayName><role><RoleCd value="006"/></role></citRespParty><collTitle>Montana Administrative Boundaries</collTitle><presForm><PresFormCd value="005" Sync="TRUE"/></presForm></idCitation><idAbs>&lt;DIV STYLE="text-align:Left;"&gt;&lt;DIV&gt;&lt;DIV&gt;&lt;P&gt;&lt;SPAN&gt;The Montana Voting Precincts have been updated as part of redistricting in 2023. Thirty-four (34 counties) of the fifty-six (56) counties were updated following the creation of the new Montana legislative districts. Voting Precinct boundaries have been aligned to MSDI administrative boundaries, PLSS, and parcels and projected to the Montana State Plane. &lt;/SPAN&gt;&lt;/P&gt;&lt;P&gt;&lt;SPAN /&gt;&lt;/P&gt;&lt;P&gt;&lt;SPAN&gt;Initially, the voting or election precincts were obtained from the local county offices by the Montana Department of Commerce through an FY2019 Montana Land Information Act (MLIA) Grant. The contractor used data (obtained from the counties) to digitize voting district boundaries following the recommendations of the U.S. Census Bureau Redistricting Data Program. Source data may be GIS digital data or manually digitized from maps. Key fields included 2-digit state FIPS, 3-digit county FIPS, Precinct Number, Precinct Name, County Name, and Data Date. The Voting Precincts along with the Montana Legislative Districts for 2014-2023 are available for download here: &lt;/SPAN&gt;&lt;A href="https://ftpgeoinfo.msl.mt.gov:443/Data/Spatial/MSDI/AdministrativeBoundaries/Historic/" STYLE="text-decoration:underline;"&gt;&lt;SPAN&gt;https://ftpgeoinfo.msl.mt.gov/Data/Spatial/MSDI/AdministrativeBoundaries/Historic/&lt;/SPAN&gt;&lt;/A&gt;&lt;/P&gt;&lt;P&gt;&lt;SPAN /&gt;&lt;/P&gt;&lt;P&gt;&lt;SPAN&gt;According to MCA 13-3-101 the governing body of each county shall establish a convenient number of election precincts, equalizing the number of electors in each precinct as nearly as possible. According to MCA 13-3-102 the county governing body may change the boundaries of precincts, but not within 100 days before any primary or between a general election and the primary for that election. When changes are required to make precinct boundaries conform to legislative district boundaries following the adoption of a districting and apportionment plan under Article V, section 14, of the Montana constitution or other district boundaries changed by the districting and apportionment plan, the changing of precinct boundaries must be accomplished within 45 days of the filing of the final plan. View the MCA 2023 for Precincts and Polling Places here: &lt;/SPAN&gt;&lt;A href="https://leg.mt.gov:443/bills/mca/title_0130/chapter_0030/part_0010/sections_index.html" STYLE="text-decoration:underline;"&gt;&lt;SPAN&gt;https://leg.mt.gov/bills/mca/title_0130/chapter_0030/part_0010/sections_index.html&lt;/SPAN&gt;&lt;/A&gt;&lt;/P&gt;&lt;P&gt;&lt;SPAN /&gt;&lt;/P&gt;&lt;/DIV&gt;&lt;/DIV&gt;&lt;/DIV&gt;</idAbs><idPurp>Montana Voting Precincts by County</idPurp><idCredit>US Census Bureau, Local Montana County Offices, Montana State Library, Montana Department of Commerce Census and Economic Information Center, U.S. Census Bureau</idCredit><idStatus><ProgCd value="007"/></idStatus><resMaint><maintFreq><MaintFreqCd value="009"/></maintFreq><maintCont><rpOrgName>Montana State Library</rpOrgName><rpPosName>Publisher</rpPosName><rpCntInfo><cntAddress addressType="postal"><delPoint>PO Box 201800</delPoint><city>Helena</city><adminArea>MT</adminArea><postCode>59620-1800</postCode><country>US</country><eMailAdd>geoinfo@mt.gov</eMailAdd></cntAddress><cntPhone><voiceNum tddtty="">406-444-5354</voiceNum><faxNum>406-444-0266</faxNum><voiceNum tddtty="True">Montana Relay 711</voiceNum></cntPhone></rpCntInfo><displayName>Meghan Burns</displayName><role><RoleCd value="007"/></role></maintCont></resMaint><placeKeys><keyword>Montana</keyword></placeKeys><themeKeys><keyword>county</keyword><keyword>election</keyword><keyword>voting</keyword><keyword>precinct</keyword><keyword>house district</keyword><keyword>senate district</keyword><keyword>Montana counties</keyword><keyword>governmental units</keyword><keyword>counties</keyword><keyword>Montana county boundary</keyword><keyword>county lines</keyword><keyword>county boundary</keyword><keyword>Montana Spatial Data Infrastructure</keyword><keyword>MSDI</keyword></themeKeys><themeKeys><thesaName><resTitle>ISO 19115 Topic Category</resTitle></thesaName><keyword>boundaries</keyword></themeKeys><searchKeys><keyword>Montana</keyword><keyword>county</keyword><keyword>boundaries</keyword><keyword>Montana counties</keyword><keyword>governmental units</keyword><keyword>counties</keyword><keyword>Montana county boundary</keyword><keyword>county lines</keyword><keyword>county boundary</keyword><keyword>Montana Spatial Data Infrastructure</keyword><keyword>MSDI</keyword><keyword>voting</keyword><keyword>voting precincts</keyword><keyword>precincts</keyword><keyword>house districts</keyword><keyword>senate districts</keyword><keyword>election precincts</keyword><keyword>election</keyword><keyword>ward</keyword><keyword>voting districts</keyword><keyword>Census Bureau</keyword><keyword>Census 2020</keyword></searchKeys><resConst><LegConsts><useLimit>The Montana State Library Geographic Information Services provides this product/service for informational purposes only. The Library did not produce it for, nor is it suitable for legal, engineering, or surveying purposes. Consumers of this information should review or consult the primary data and information sources to ascertain the viability of the information for their purposes. The Library provides these data in good faith but does not represent or warrant its accuracy, adequacy, or completeness. In no event shall the Library be liable for any incorrect results or analysis; any direct, indirect, special, or consequential damages to any party; or any lost profits arising out of or in connection with the use or the inability to use the data or the services provided. The Library makes these data and services available as a convenience to the public, and for no other purpose. The Library reserves the right to change or revise published data and/or services at any time.</useLimit></LegConsts></resConst><resConst><Consts><useLimit>&lt;DIV STYLE="text-align:Left;"&gt;&lt;DIV&gt;&lt;DIV&gt;&lt;P&gt;&lt;SPAN&gt;The Montana State Library Geographic Information Services provides this product/service for informational purposes only. The Library did not produce it for, nor is it suitable for legal, engineering, or surveying purposes. Consumers of this information should review or consult the primary data and information sources to ascertain the viability of the information for their purposes. The Library provides these data in good faith but does not represent or warrant its accuracy, adequacy, or completeness. In no event shall the Library be liable for any incorrect results or analysis; any direct, indirect, special, or consequential damages to any party; or any lost profits arising out of or in connection with the use or the inability to use the data or the services provided. The Library makes these data and services available as a convenience to the public, and for no other purpose. The Library reserves the right to change or revise published data and/or services at any time.&lt;/SPAN&gt;&lt;/P&gt;&lt;/DIV&gt;&lt;/DIV&gt;&lt;/DIV&gt;</useLimit></Consts></resConst><dataLang><languageCode value="eng"/><countryCode value="USA" Sync="TRUE"/></dataLang><dataExt><exDesc>Publication Date</exDesc><tempEle><TempExtent><exTemp><TM_Instant><tmPosition>2025-05-01T00:00:00</tmPosition></TM_Instant></exTemp></TempExtent></tempEle></dataExt><dataChar><CharSetCd value="004"/></dataChar><idPoC><rpOrgName>Montana State Library</rpOrgName><rpCntInfo><cntAddress addressType="both"><delPoint>PO Box 201800</delPoint><city>Helena</city><adminArea>MT</adminArea><postCode>59620-1800</postCode><country>US</country><eMailAdd>https://msl.mt.gov</eMailAdd><delPoint>1201 11th Ave</delPoint></cntAddress><cntPhone><voiceNum tddtty="">406-444-3115</voiceNum><faxNum>406-444-0266</faxNum><voiceNum tddtty="True">Montana Relay 711</voiceNum></cntPhone><cntInstr>For GIS assistance please submit a GIS Support Ticket: https://msl.mt.gov/geoinfo/Help/</cntInstr></rpCntInfo><displayName>Meghan Burns</displayName><role><RoleCd value="010"/></role></idPoC><aggrInfo><assocType><AscTypeCd value="002"/></assocType><aggrDSName><resTitle>Montana Administrative Boundaries ArcGIS Server Map Service</resTitle><citOnlineRes><linkage>http://gisservicemt.gov/arcgis/rest/services/MSDI_Framework</linkage></citOnlineRes></aggrDSName></aggrInfo><envirDesc Sync="TRUE"> Version 6.2 (Build 9200) ; Esri ArcGIS 10.7.1.11595</envirDesc><spatRpType><SpatRepTypCd value="001" Sync="TRUE"/></spatRpType><dataExt><geoEle><GeoBndBox esriExtentType="search"><exTypeCode Sync="TRUE">1</exTypeCode><westBL Sync="TRUE">-116.178573</westBL><eastBL Sync="TRUE">-103.611128</eastBL><northBL Sync="TRUE">49.180869</northBL><southBL Sync="TRUE">44.237721</southBL></GeoBndBox></geoEle><exDesc>Bounding Box</exDesc></dataExt><tpCat><TopicCatCd value="017"/></tpCat><tpCat><TopicCatCd value="003"/></tpCat></dataIdInfo><mdMaint><maintFreq><MaintFreqCd value="009"/></maintFreq><maintCont><rpOrgName>Montana State Library</rpOrgName><rpCntInfo><cntAddress addressType="physical"><delPoint>1515 E Sixth Avenue</delPoint><city>Helena</city><adminArea>MT</adminArea><postCode>59601</postCode><country>US</country></cntAddress><cntPhone><voiceNum>406-444-1550</voiceNum><faxNum>406-444-0266</faxNum><voiceNum tddtty="True">406-444-4799</voiceNum></cntPhone></rpCntInfo><displayName>Meghan Burns</displayName><role><RoleCd value="007"/></role></maintCont></mdMaint><dqInfo><dqScope><scpLvl><ScopeCd value="005"/></scpLvl><scpLvlDesc><attribSet>edited to match county authority</attribSet><featSet>edited for consistency within statewide context</featSet></scpLvlDesc></dqScope><report type="DQCompOm"><measDesc>Complete as of 10/05/09</measDesc><evalMethDesc>compared to source data and editeed to match MSDL data where necessary.</evalMethDesc><evalMethType><EvalMethTypeCd value="003"/></evalMethType><evalProc><resTitle>ArcMap edited.</resTitle><date><createDate>2018-09-17T00:00:00</createDate><pubDate>2019-06-03T00:00:00</pubDate><reviseDate>2019-06-03T00:00:00</reviseDate></date></evalProc></report><report type="DQAbsExtPosAcc" dimension="horizontal"><measDesc>Varies on GCDB accuracy</measDesc><evalMethType><EvalMethTypeCd value="003"/></evalMethType><evalMethDesc>compared GDB featureclass with the source data.</evalMethDesc><evalProc><resTitle>MLIAC grant</resTitle><date><createDate>2019-06-03T00:00:00</createDate><pubDate>2019-06-03T00:00:00</pubDate><reviseDate>2019-06-03T00:00:00</reviseDate></date></evalProc></report><dataLineage><statement>Imported each county shapefile dataset or screen digitized from legal descriptions or from images. Edited for topological consistency, (no gaps and no overlaps)</statement><prcStep><stepDesc>Imported each county shapefile dataset into the voting district featureclass with topology rules consisting of no overlaps and no gaps.
Stepped through each topology error using a heirarchy of features based on the GCDB where precincts are based on PLSS descriptions and where based on other features attempted to maintian consistency with Montana framework data. Using the MSDL counties and administrative boundary cities where appropriate. Clipped or snapped the boundaries to the MSDL state boundary where appropriate. Edited the precinct number and name as necessary to match the county data. </stepDesc><stepRat>Voting Precincts are the responsibility of county governments so efforts were made to honor their authority within a statewide context.
</stepRat><stepDateTm>2019-05-31T00:00:00</stepDateTm></prcStep><prcStep><stepDesc>Added new field: COUNTY NUMBER (alphabetical county code); Updated Precinct Names</stepDesc><stepDateTm>2020-11-23T00:00:00</stepDateTm></prcStep><prcStep><stepDesc>Updated Senate District Numbers</stepDesc><stepDateTm>2021-01-27T00:00:00</stepDateTm></prcStep><prcStep><stepDesc>Aligned with county boundaries; Updated Blaine Precinct #9.</stepDesc><stepDateTm>2021-04-20T00:00:00</stepDateTm></prcStep><prcStep><stepDesc>Adjusted voting precincts to align with the 2021 CadNSDI; Project data to NAD83 (2011); Add unique identifer field (ID_UK);  Add 2020 U.S. Census Bureau attribute information</stepDesc><stepDateTm>2021-06-25T00:00:00</stepDateTm></prcStep><prcStep><stepDesc>Updated McCone Voting Precincts 4 and 8 to align with the Town of Circle boundary</stepDesc><stepDateTm>2021-09-30T00:00:00</stepDateTm></prcStep><prcStep><stepDesc>Boundary and attribute updates from the Geo-Enabled Elections work</stepDesc><stepDateTm>2023-01-06T00:00:00</stepDateTm></prcStep></dataLineage></dqInfo><eainfo><detailed Name="VotingPrecincts"><enttyp><enttypl Sync="TRUE">VotingPrecincts</enttypl><enttypd>VOTING PRECINCTS AND WARDS</enttypd><enttypt Sync="TRUE">Feature Class</enttypt><enttypc Sync="TRUE">0</enttypc><enttypds>MONTANA STATE LIBRARY</enttypds></enttyp><attr><attrlabl Sync="TRUE">FID</attrlabl><attalias Sync="TRUE">FID</attalias><attrtype Sync="TRUE">OID</attrtype><attwidth Sync="TRUE">4</attwidth><atprecis Sync="TRUE">0</atprecis><attscale Sync="TRUE">0</attscale><attrdef Sync="TRUE">Internal feature number.</attrdef><attrdefs Sync="TRUE">Esri</attrdefs><attrdomv><udom Sync="TRUE">Sequential unique whole numbers that are automatically generated.</udom></attrdomv></attr><attr><attrlabl Sync="TRUE">NUMBER</attrlabl><attalias Sync="TRUE">NUMBER</attalias><attrtype Sync="TRUE">String</attrtype><attwidth Sync="TRUE">10</attwidth><atprecis Sync="TRUE">0</atprecis><attscale Sync="TRUE">0</attscale><attrdef>PRECINCT NUMBER FROM DATA SOURCE
</attrdef><attrdefs>MONTANA STATE LIBRARY</attrdefs></attr><attr><attrlabl>SHAPE</attrlabl><attrdef>Feature geometry.</attrdef><attrdefs>ESRI</attrdefs><attrdomv><udom>Coordinates defining the features.</udom></attrdomv><attalias Sync="TRUE">Shape</attalias><attrtype Sync="TRUE">Geometry</attrtype><attwidth Sync="TRUE">0</attwidth><atprecis Sync="TRUE">0</atprecis><attscale Sync="TRUE">0</attscale></attr><attr><attrlabl Sync="TRUE">HOUSE</attrlabl><attalias Sync="TRUE">HOUSE</attalias><attrtype Sync="TRUE">String</attrtype><attwidth Sync="TRUE">5</attwidth><atprecis Sync="TRUE">0</atprecis><attscale Sync="TRUE">0</attscale><attrdef>HOUSE DISTRICT FROM SOS
</attrdef><attrdefs>SOS</attrdefs></attr><attr><attrlabl Sync="TRUE">SENATE</attrlabl><attalias Sync="TRUE">SENATE</attalias><attrtype Sync="TRUE">String</attrtype><attwidth Sync="TRUE">10</attwidth><atprecis Sync="TRUE">0</atprecis><attscale Sync="TRUE">0</attscale><attrdef>SENATE DISTRCT FROM SOS
</attrdef><attrdefs>SOS</attrdefs></attr><attr><attrlabl Sync="TRUE">POLLCODE</attrlabl><attalias Sync="TRUE">POLLCODE</attalias><attrtype Sync="TRUE">String</attrtype><attwidth Sync="TRUE">10</attwidth><atprecis Sync="TRUE">0</atprecis><attscale Sync="TRUE">0</attscale><attrdef>POLLCODE FROM DATA SOURCE
</attrdef><attrdefs>MONTANA STATE LIBRARY</attrdefs></attr><attr><attrlabl Sync="TRUE">COUNTY</attrlabl><attalias Sync="TRUE">COUNTY</attalias><attrtype Sync="TRUE">String</attrtype><attwidth Sync="TRUE">32</attwidth><atprecis Sync="TRUE">0</atprecis><attscale Sync="TRUE">0</attscale><attrdef>COUNTY NAME</attrdef><attrdefs>MONTANA STATE LIBRARY</attrdefs></attr><attr><attrlabl Sync="TRUE">POLLINGPLA</attrlabl><attalias Sync="TRUE">POLLINGPLA</attalias><attrtype Sync="TRUE">String</attrtype><attwidth Sync="TRUE">100</attwidth><atprecis Sync="TRUE">0</atprecis><attscale Sync="TRUE">0</attscale></attr><attr><attrlabl Sync="TRUE">COUNTYCODE</attrlabl><attalias Sync="TRUE">COUNTYCODE</attalias><attrtype Sync="TRUE">String</attrtype><attwidth Sync="TRUE">5</attwidth><atprecis Sync="TRUE">0</atprecis><attscale Sync="TRUE">0</attscale><attrdef>COUNTY CODE</attrdef><attrdefs>MONTANA STATE LIBRARY</attrdefs></attr><attr><attrlabl>NAME</attrlabl><attrdef>PRECINCT NAME FROM DATA SOURCE
</attrdef><attalias Sync="TRUE">NAME</attalias><attrtype Sync="TRUE">String</attrtype><attwidth Sync="TRUE">100</attwidth><atprecis Sync="TRUE">0</atprecis><attscale Sync="TRUE">0</attscale><attrdefs Sync="FALSE">MONTANA STATE LIBRARY</attrdefs><attrdomv><udom Sync="TRUE">Positive real numbers that are automatically generated.</udom></attrdomv></attr><attr><attrlabl Sync="TRUE">SOSPRECINC</attrlabl><attalias Sync="TRUE">SOSPRECINC</attalias><attrtype Sync="TRUE">String</attrtype><attwidth Sync="TRUE">100</attwidth><atprecis Sync="TRUE">0</atprecis><attscale Sync="TRUE">0</attscale></attr><attr><attrlabl Sync="TRUE">SOURCE</attrlabl><attalias Sync="TRUE">SOURCE</attalias><attrtype Sync="TRUE">String</attrtype><attwidth Sync="TRUE">100</attwidth><atprecis Sync="TRUE">0</atprecis><attscale Sync="TRUE">0</attscale><attrdef>SOURCE OF DATA (COUNTY GIS DATA, ARCGIS ONLINE GIS DATA, 2010 CENSUS GIS DATA, DIGITIZED FROM ARCGIS ONLINE DATA, DIGITIZED FROM COUNTY MAP)
</attrdef><attrdefs>MONTANA STATE LIBRARY</attrdefs></attr><attr><attrlabl Sync="TRUE">LAST_UPDAT</attrlabl><attalias Sync="TRUE">LAST_UPDAT</attalias><attrtype Sync="TRUE">Date</attrtype><attwidth Sync="TRUE">8</attwidth><atprecis Sync="TRUE">0</atprecis><attscale Sync="TRUE">0</attscale></attr><attr><attrlabl Sync="TRUE">PRECINCT_I</attrlabl><attalias Sync="TRUE">PRECINCT_I</attalias><attrtype Sync="TRUE">String</attrtype><attwidth Sync="TRUE">10</attwidth><atprecis Sync="TRUE">0</atprecis><attscale Sync="TRUE">0</attscale></attr><attr><attrlabl Sync="TRUE">PRECINCT_C</attrlabl><attalias Sync="TRUE">PRECINCT_C</attalias><attrtype Sync="TRUE">String</attrtype><attwidth Sync="TRUE">25</attwidth><atprecis Sync="TRUE">0</atprecis><attscale Sync="TRUE">0</attscale></attr><attr><attrlabl Sync="TRUE">COUNTY_ID</attrlabl><attalias Sync="TRUE">COUNTY_ID</attalias><attrtype Sync="TRUE">String</attrtype><attwidth Sync="TRUE">2</attwidth><atprecis Sync="TRUE">0</atprecis><attscale Sync="TRUE">0</attscale></attr><attr><attrlabl Sync="TRUE">ID_UK</attrlabl><attalias Sync="TRUE">ID_UK</attalias><attrtype Sync="TRUE">String</attrtype><attwidth Sync="TRUE">50</attwidth><atprecis Sync="TRUE">0</atprecis><attscale Sync="TRUE">0</attscale></attr><attr><attrlabl Sync="TRUE">STATEFP20</attrlabl><attalias Sync="TRUE">STATEFP20</attalias><attrtype Sync="TRUE">String</attrtype><attwidth Sync="TRUE">2</attwidth><atprecis Sync="TRUE">0</atprecis><attscale Sync="TRUE">0</attscale></attr><attr><attrlabl Sync="TRUE">COUNTYFP20</attrlabl><attalias Sync="TRUE">COUNTYFP20</attalias><attrtype Sync="TRUE">String</attrtype><attwidth Sync="TRUE">3</attwidth><atprecis Sync="TRUE">0</atprecis><attscale Sync="TRUE">0</attscale></attr><attr><attrlabl Sync="TRUE">VTDST20</attrlabl><attalias Sync="TRUE">VTDST20</attalias><attrtype Sync="TRUE">String</attrtype><attwidth Sync="TRUE">6</attwidth><atprecis Sync="TRUE">0</atprecis><attscale Sync="TRUE">0</attscale></attr><attr><attrlabl Sync="TRUE">GEOID20</attrlabl><attalias Sync="TRUE">GEOID20</attalias><attrtype Sync="TRUE">String</attrtype><attwidth Sync="TRUE">11</attwidth><atprecis Sync="TRUE">0</atprecis><attscale Sync="TRUE">0</attscale></attr><attr><attrlabl Sync="TRUE">VTDI20</attrlabl><attalias Sync="TRUE">VTDI20</attalias><attrtype Sync="TRUE">String</attrtype><attwidth Sync="TRUE">1</attwidth><atprecis Sync="TRUE">0</atprecis><attscale Sync="TRUE">0</attscale></attr><attr><attrlabl Sync="TRUE">NAME20</attrlabl><attalias Sync="TRUE">NAME20</attalias><attrtype Sync="TRUE">String</attrtype><attwidth Sync="TRUE">100</attwidth><atprecis Sync="TRUE">0</atprecis><attscale Sync="TRUE">0</attscale></attr><attr><attrlabl Sync="TRUE">NAMELSAD20</attrlabl><attalias Sync="TRUE">NAMELSAD20</attalias><attrtype Sync="TRUE">String</attrtype><attwidth Sync="TRUE">100</attwidth><atprecis Sync="TRUE">0</atprecis><attscale Sync="TRUE">0</attscale></attr><attr><attrlabl Sync="TRUE">LSAD20</attrlabl><attalias Sync="TRUE">LSAD20</attalias><attrtype Sync="TRUE">String</attrtype><attwidth Sync="TRUE">2</attwidth><atprecis Sync="TRUE">0</atprecis><attscale Sync="TRUE">0</attscale></attr><attr><attrlabl Sync="TRUE">MTFCC20</attrlabl><attalias Sync="TRUE">MTFCC20</attalias><attrtype Sync="TRUE">String</attrtype><attwidth Sync="TRUE">5</attwidth><atprecis Sync="TRUE">0</atprecis><attscale Sync="TRUE">0</attscale></attr><attr><attrlabl Sync="TRUE">FUNCSTAT20</attrlabl><attalias Sync="TRUE">FUNCSTAT20</attalias><attrtype Sync="TRUE">String</attrtype><attwidth Sync="TRUE">1</attwidth><atprecis Sync="TRUE">0</atprecis><attscale Sync="TRUE">0</attscale></attr><attr><attrlabl Sync="TRUE">ALAND20</attrlabl><attalias Sync="TRUE">ALAND20</attalias><attrtype Sync="TRUE">Double</attrtype><attwidth Sync="TRUE">19</attwidth><atprecis Sync="TRUE">0</atprecis><attscale Sync="TRUE">0</attscale></attr><attr><attrlabl Sync="TRUE">AWATER20</attrlabl><attalias Sync="TRUE">AWATER20</attalias><attrtype Sync="TRUE">Double</attrtype><attwidth Sync="TRUE">19</attwidth><atprecis Sync="TRUE">0</atprecis><attscale Sync="TRUE">0</attscale></attr><attr><attrlabl Sync="TRUE">INTPTLAT20</attrlabl><attalias Sync="TRUE">INTPTLAT20</attalias><attrtype Sync="TRUE">String</attrtype><attwidth Sync="TRUE">11</attwidth><atprecis Sync="TRUE">0</atprecis><attscale Sync="TRUE">0</attscale></attr><attr><attrlabl Sync="TRUE">INTPTLON20</attrlabl><attalias Sync="TRUE">INTPTLON20</attalias><attrtype Sync="TRUE">String</attrtype><attwidth Sync="TRUE">12</attwidth><atprecis Sync="TRUE">0</atprecis><attscale Sync="TRUE">0</attscale></attr><attr><attrlabl Sync="TRUE">PrecinctNa</attrlabl><attalias Sync="TRUE">PrecinctNa</attalias><attrtype Sync="TRUE">String</attrtype><attwidth Sync="TRUE">100</attwidth><atprecis Sync="TRUE">0</atprecis><attscale Sync="TRUE">0</attscale></attr><attr><attrlabl Sync="TRUE">Acres</attrlabl><attalias Sync="TRUE">Acres</attalias><attrtype Sync="TRUE">Double</attrtype><attwidth Sync="TRUE">19</attwidth><atprecis Sync="TRUE">0</atprecis><attscale Sync="TRUE">0</attscale></attr><attr><attrlabl Sync="TRUE">AreaSqMi</attrlabl><attalias Sync="TRUE">AreaSqMi</attalias><attrtype Sync="TRUE">Double</attrtype><attwidth Sync="TRUE">19</attwidth><atprecis Sync="TRUE">0</atprecis><attscale Sync="TRUE">0</attscale></attr><attr><attrlabl Sync="TRUE">Shape_Leng</attrlabl><attalias Sync="TRUE">Shape_Leng</attalias><attrtype Sync="TRUE">Double</attrtype><attwidth Sync="TRUE">19</attwidth><atprecis Sync="TRUE">0</atprecis><attscale Sync="TRUE">0</attscale></attr><attr><attrlabl Sync="TRUE">Shape_Area</attrlabl><attalias Sync="TRUE">Shape_Area</attalias><attrtype Sync="TRUE">Double</attrtype><attwidth Sync="TRUE">19</attwidth><atprecis Sync="TRUE">0</atprecis><attscale Sync="TRUE">0</attscale><attrdef Sync="TRUE">Area of feature in internal units squared.</attrdef><attrdefs Sync="TRUE">Esri</attrdefs><attrdomv><udom Sync="TRUE">Positive real numbers that are automatically generated.</udom></attrdomv></attr></detailed></eainfo><mdHrLvName Sync="TRUE">dataset</mdHrLvName><refSysInfo><RefSystem><refSysID><identCode code="6514" Sync="TRUE"/><idCodeSpace Sync="TRUE">EPSG</idCodeSpace><idVersion Sync="TRUE">8.2.10(10.3.1)</idVersion></refSysID></RefSystem></refSysInfo><spatRepInfo><VectSpatRep><geometObjs Name="VotingPrecincts"><geoObjTyp><GeoObjTypCd value="002" Sync="TRUE"></GeoObjTypCd></geoObjTyp><geoObjCnt Sync="TRUE">0</geoObjCnt></geometObjs><topLvl><TopoLevCd value="001" Sync="TRUE"></TopoLevCd></topLvl></VectSpatRep></spatRepInfo><spdoinfo><ptvctinf><esriterm Name="VotingPrecincts"><efeatyp Sync="TRUE">Simple</efeatyp><efeageom code="4" Sync="TRUE"></efeageom><esritopo Sync="TRUE">FALSE</esritopo><efeacnt Sync="TRUE">0</efeacnt><spindex Sync="TRUE">FALSE</spindex><linrefer Sync="TRUE">FALSE</linrefer></esriterm></ptvctinf></spdoinfo><mdDateSt Sync="FALSE">20250501</mdDateSt></metadata>
