<metadata xml:lang="en"><Esri><CreaDate>20210630</CreaDate><CreaTime>19263400</CreaTime><ArcGISFormat>1.0</ArcGISFormat><SyncOnce>FALSE</SyncOnce><ArcGISstyle>FGDC CSDGM Metadata</ArcGISstyle><DataProperties><itemProps><itemLocation><linkage Sync="TRUE">file://\\MSLGEOINFO2833\D$\Publish\MontanaSchoolDistricts_shp\SchoolDistrict_CntySupt.dbf</linkage><protocol Sync="TRUE">Local Area Network</protocol></itemLocation><itemName Sync="TRUE">SchoolDistrict_CntySupt</itemName><relatedItems><item><itemType Sync="TRUE">Relationship</itemType></item><item><itemType Sync="TRUE">Relationship</itemType></item><item><itemName Sync="TRUE">AdministrativeBoundaries.DBO.SD_UnifiedCntySupt</itemName><itemType Sync="TRUE">Relationship</itemType></item></relatedItems><imsContentType Sync="TRUE" export="False">002</imsContentType><itemSize Sync="TRUE">0.000</itemSize></itemProps><lineage><Process ToolSource="c:\program files (x86)\arcgis\desktop10.5\ArcToolbox\Toolboxes\Data Management Tools.tbx\CalculateField" Date="20190226" Time="133950" Name="" export="">CalculateField AdministrativeBoundaries.DBO.BNDY_SchoolDistrict_CntySupt COUNTY_COD "0"&amp;[COUNTY_COD] VB #</Process><Process ToolSource="c:\program files (x86)\arcgis\desktop10.5\ArcToolbox\Toolboxes\Data Management Tools.tbx\CalculateField" Date="20190226" Time="134917" Name="" export="">CalculateField AdministrativeBoundaries.DBO.BNDY_SchoolDistrict_CntySupt NAME "Katrina Chaney" VB #</Process><Process ToolSource="c:\program files (x86)\arcgis\desktop10.5\ArcToolbox\Toolboxes\Data Management Tools.tbx\CalculateField" Date="20190226" Time="134929" Name="" export="">CalculateField AdministrativeBoundaries.DBO.BNDY_SchoolDistrict_CntySupt ADDRESS "316 N Park Ave, Room 221" VB #</Process><Process ToolSource="c:\program files (x86)\arcgis\desktop10.5\ArcToolbox\Toolboxes\Data Management Tools.tbx\CalculateField" Date="20190226" Time="134943" Name="" export="">CalculateField AdministrativeBoundaries.DBO.BNDY_SchoolDistrict_CntySupt CITY "Helena" VB #</Process><Process ToolSource="c:\program files (x86)\arcgis\desktop10.5\ArcToolbox\Toolboxes\Data Management Tools.tbx\CalculateField" Date="20190226" Time="134956" Name="" export="">CalculateField AdministrativeBoundaries.DBO.BNDY_SchoolDistrict_CntySupt ZIPCODE "59623" VB #</Process><Process ToolSource="c:\program files (x86)\arcgis\desktop10.5\ArcToolbox\Toolboxes\Data Management Tools.tbx\CalculateField" Date="20190226" Time="135008" Name="" export="">CalculateField AdministrativeBoundaries.DBO.BNDY_SchoolDistrict_CntySupt PHONE "(406) 447-8344" VB #</Process><Process ToolSource="c:\program files (x86)\arcgis\desktop10.5\ArcToolbox\Toolboxes\Data Management Tools.tbx\CalculateField" Date="20190226" Time="135019" Name="" export="">CalculateField AdministrativeBoundaries.DBO.BNDY_SchoolDistrict_CntySupt FAX "(406) 447-8398" VB #</Process><Process ToolSource="c:\program files (x86)\arcgis\desktop10.5\ArcToolbox\Toolboxes\Data Management Tools.tbx\CalculateField" Date="20190226" Time="135029" Name="" export="">CalculateField AdministrativeBoundaries.DBO.BNDY_SchoolDistrict_CntySupt EMAIL "kchaney@lccountymt.gov" VB #</Process><Process ToolSource="c:\program files\arcgis\pro\Resources\ArcToolbox\toolboxes\Data Management Tools.tbx\UpdateSchema" Date="20230104" Time="101446" Name="" export="">UpdateSchema "CIMDATA=&lt;CIMStandardDataConnection xsi:type='typens:CIMStandardDataConnection' xmlns:xsi='http://www.w3.org/2001/XMLSchema-instance' xmlns:xs='http://www.w3.org/2001/XMLSchema' xmlns:typens='http://www.esri.com/schemas/ArcGIS/2.9.0'&gt;&lt;WorkspaceConnectionString&gt;ENCRYPTED_PASSWORD=00022e684d7a796e435243626a454b37454a2b4a53514e3555617551427863617a6f6270702b3667462f64337755493d2a00;SERVER=ENTMSL0023;INSTANCE=sde:sqlserver:ENTMSL0023\GEOPRD;DBCLIENT=sqlserver;DB_CONNECTION_PROPERTIES=ENTMSL0023\GEOPRD;DATABASE=AdministrativeBoundaries;USER=geodbo;VERSION=sde.DEFAULT;AUTHENTICATION_MODE=DBMS&lt;/WorkspaceConnectionString&gt;&lt;WorkspaceFactory&gt;SDE&lt;/WorkspaceFactory&gt;&lt;Dataset&gt;AdministrativeBoundaries.DBO.BNDY_SchoolDistrict_CntySupt&lt;/Dataset&gt;&lt;DatasetType&gt;esriDTTable&lt;/DatasetType&gt;&lt;/CIMStandardDataConnection&gt;" "&lt;operationSequence&gt;&lt;workflow&gt;&lt;AddField&gt;&lt;field_name&gt;COUNTYCODE&lt;/field_name&gt;&lt;field_type&gt;TEXT&lt;/field_type&gt;&lt;field_precision&gt;0&lt;/field_precision&gt;&lt;field_length&gt;5&lt;/field_length&gt;&lt;field_alias&gt;COUNTY CODE&lt;/field_alias&gt;&lt;field_is_nullable&gt;True&lt;/field_is_nullable&gt;&lt;field_is_required&gt;False&lt;/field_is_required&gt;&lt;/AddField&gt;&lt;/workflow&gt;&lt;/operationSequence&gt;"</Process><Process ToolSource="c:\program files\arcgis\pro\Resources\ArcToolbox\toolboxes\Data Management Tools.tbx\DeleteField" Date="20230104" Time="101624" Name="" export="">DeleteField AdministrativeBoundaries.DBO.BNDY_SchoolDistrict_CntySupt COUNTY_COD "Delete Fields"</Process><Process ToolSource="c:\program files\arcgis\pro\Resources\ArcToolbox\toolboxes\Data Management Tools.tbx\CopyRows" Date="20250425" Time="094109">CopyRows \\state.mt.ads\MSL\Share\MSDL\GEOINFO\05-MSDI_DataDev\AdminBoundaries\databaseconnections\ENTMSL0023GEOPRD_geodbo\ENTMSL0023_GEOPRD_AdministrativeBoundaries_geodbo.sde\AdministrativeBoundaries.DBO.BNDY_SchoolDistrict_CntySupt G:\GEOINFO\05-MSDI_DataDev\AdminBoundaries\Publish\20250425\Publish_20250425.gdb\BNDY_SchoolDistrict_CntySupt #</Process><Process ToolSource="c:\program files (x86)\arcgis\desktop10.7\ArcToolbox\Toolboxes\Data Management Tools.tbx\CopyRows" Date="20250425" Time="102145">CopyRows D:\Scratch\20250425\Publish_20250425.gdb\BNDY_SchoolDistrict_CntySupt D:\\Publish\\MontanaSchoolDistricts_shp\SchoolDistrict_CntySupt.dbf #</Process></lineage></DataProperties><SyncDate>20250425</SyncDate><SyncTime>10214500</SyncTime><ModDate>20250425</ModDate><ModTime>10214500</ModTime><ArcGISProfile>FGDC</ArcGISProfile><scaleRange><minScale>150000000</minScale><maxScale>5000</maxScale></scaleRange></Esri><mdLang><languageCode value="eng"/><countryCode value="USA" Sync="TRUE"/></mdLang><mdChar><CharSetCd value="004"/></mdChar><mdHrLv><ScopeCd value="005"/></mdHrLv><mdHrLvName Sync="TRUE">dataset</mdHrLvName><mdContact xmlns=""><rpOrgName>Montana State Library</rpOrgName><rpCntInfo xmlns=""><cntPhone><voiceNum tddtty="">406-444-5354</voiceNum><voiceNum tddtty="True">Montana Relay 711</voiceNum><faxNum>406-444-0266</faxNum></cntPhone><cntAddress addressType="postal"><delPoint>PO Box 201800</delPoint><city>Helena</city><adminArea>Montana</adminArea><postCode>59620</postCode><country>US</country><eMailAdd>geoinfo@mt.gov</eMailAdd></cntAddress><cntHours>8-5</cntHours></rpCntInfo><role><RoleCd value="007"/></role></mdContact><mdDateSt Sync="FALSE">20250501</mdDateSt><mdStanName>ArcGIS Metadata</mdStanName><mdStanVer>1.0</mdStanVer><distInfo xmlns=""><distributor xmlns=""><distorCont xmlns=""><rpOrgName>Montana State Library</rpOrgName><rpCntInfo xmlns=""><cntPhone><voiceNum tddtty="">406-444-5354</voiceNum><voiceNum tddtty="True">Montana Relay 711</voiceNum></cntPhone><cntAddress addressType="postal"><delPoint>PO Box 201800</delPoint><city>Helena</city><adminArea>Montana</adminArea><postCode>59620</postCode><country>US</country><eMailAdd>geoinfo@mt.gov</eMailAdd></cntAddress><cntHours>8-5</cntHours></rpCntInfo><role><RoleCd value="005"/></role></distorCont></distributor><distTranOps xmlns=""><onLineSrc><linkage>http://ftp.geoinfo.msl.mt.gov/Data/Spatial/MSDI/AdministrativeBoundaries/</linkage></onLineSrc><transSize Sync="TRUE">0.000</transSize></distTranOps><distFormat xmlns=""><formatName Sync="TRUE">dBASE Table</formatName></distFormat></distInfo><dataIdInfo><idCitation xmlns=""><resTitle Sync="FALSE"> School District County Superintendents</resTitle><date><pubDate>2025-05-01T00:00:00</pubDate></date><citRespParty xmlns=""><rpOrgName>Montana State Library</rpOrgName><role><RoleCd value="006"/></role></citRespParty><citRespParty xmlns=""><rpOrgName>Montana State Library</rpOrgName><rpCntInfo xmlns=""><cntAddress addressType="postal"><delPoint>PO Box 201800</delPoint><city>Helena</city><adminArea>Montana</adminArea><postCode>59620</postCode><eMailAdd>geoinfo@mt.gov</eMailAdd><country>US</country></cntAddress><cntPhone><voiceNum tddtty="">406-444-5354</voiceNum><faxNum>406-444-0266</faxNum><voiceNum tddtty="True">Montana Relay 711</voiceNum></cntPhone></rpCntInfo><role><RoleCd value="010"/></role></citRespParty><presForm xmlns=""><PresFormCd value="005"/></presForm><presForm xmlns=""><fgdcGeoform>vector digital data</fgdcGeoform></presForm><collTitle>Montana Administrative Boundaries ArcGIS Server Map Service</collTitle></idCitation><idAbs>&lt;DIV STYLE="text-align:Left;"&gt;&lt;DIV&gt;&lt;DIV&gt;&lt;P&gt;&lt;SPAN&gt;These data provide the contact information for the county superintendents in a related table for each of the the Montana's School Districts boundaries: Elementary/Secondary/Unified (K-12).  The county superintendent information is made available online by the Office of Public Instruction (OPI). &lt;/SPAN&gt;&lt;/P&gt;&lt;P&gt;&lt;SPAN&gt;https://opi.mt.gov/Leadership/Management-Operations/Montana-Schools-Directory/Directory-Advanced-Search&lt;/SPAN&gt;&lt;/P&gt;&lt;/DIV&gt;&lt;/DIV&gt;&lt;/DIV&gt;</idAbs><idPurp>Contact list for the county superintendent for each school district.</idPurp><idStatus><ProgCd value="001"/></idStatus><idPoC><rpOrgName>Montana State Library</rpOrgName><rpPosName>Montana State Library</rpPosName><rpCntInfo><cntPhone><voiceNum>406-444-5354</voiceNum><voiceNum tddtty="True">406-444-4799</voiceNum><faxNum>406-444-0266</faxNum></cntPhone><cntAddress addressType="physical"><delPoint>1515 E Sixth Avenue</delPoint><city>Helena</city><adminArea>Montana</adminArea><postCode>59601</postCode><country>US</country><eMailAdd>geoinfo@mt.gov</eMailAdd></cntAddress></rpCntInfo><role><RoleCd value="007"/></role></idPoC><resMaint><maintFreq><MaintFreqCd value="009"/></maintFreq></resMaint><placeKeys><keyword>Montana</keyword></placeKeys><themeKeys><keyword>K-12 school districts</keyword><keyword>districts</keyword><keyword>MSDI</keyword><keyword>MSDI Boundaries</keyword><keyword>unified</keyword><keyword>Administrative Boundaries Framework</keyword><keyword>high schools</keyword><keyword>secondary</keyword><keyword>secondary school districts</keyword><keyword>Montana Spatial Data Infrastructure</keyword><keyword>governmental units</keyword><keyword>school districts</keyword><keyword>elementary school districts</keyword><keyword>elementary schools</keyword><keyword>elementary</keyword><keyword>K-12</keyword><keyword>high school school districts</keyword><keyword>school</keyword><keyword>schools</keyword><keyword>unified school districts</keyword></themeKeys><themeKeys><thesaName><resTitle>ISO 19115 Topic Category</resTitle></thesaName><keyword>boundaries</keyword></themeKeys><searchKeys><keyword>K-12 school districts</keyword><keyword>districts</keyword><keyword>MSDI</keyword><keyword>MSDI Boundaries</keyword><keyword>unified</keyword><keyword>Administrative Boundaries Framework</keyword><keyword>high schools</keyword><keyword>secondary</keyword><keyword>secondary school districts</keyword><keyword>Montana Spatial Data Infrastructure</keyword><keyword>governmental units</keyword><keyword>school districts</keyword><keyword>elementary school districts</keyword><keyword>elementary schools</keyword><keyword>elementary</keyword><keyword>K-12</keyword><keyword>high school school districts</keyword><keyword>boundaries</keyword><keyword>school</keyword><keyword>schools</keyword><keyword>unified school districts</keyword><keyword>Montana</keyword><keyword>superintendent</keyword></searchKeys><resConst><LegConsts><useLimit>The Montana State Library Geographic Information Services provides this product/service for informational purposes only. The Library did not produce it for, nor is it suitable for legal, engineering, or surveying purposes. Consumers of this information should review or consult the primary data and information sources to ascertain the viability of the information for their purposes. The Library provides these data in good faith but does not represent or warrant its accuracy, adequacy, or completeness. In no event shall the Library be liable for any incorrect results or analysis; any direct, indirect, special, or consequential damages to any party; or any lost profits arising out of or in connection with the use or the inability to use the data or the services provided. The Library makes these data and services available as a convenience to the public, and for no other purpose. The Library reserves the right to change or revise published data and/or services at any time.</useLimit></LegConsts></resConst><resConst><SecConsts><class><ClasscationCd value="001"/></class></SecConsts></resConst><resConst><Consts><useLimit>&lt;DIV STYLE="text-align:Left;"&gt;&lt;DIV&gt;&lt;DIV&gt;&lt;P&gt;&lt;SPAN&gt;The Montana State Library provides this product/service for informational purposes only. The Library did not produce it for, nor is it suitable for legal, engineering, or surveying purposes. Consumers of this information should review or consult the primary data and information sources to ascertain the viability of the information for their purposes. The Library provides these data in good faith but does not represent or warrant its accuracy, adequacy, or completeness. In no event shall the Library be liable for any incorrect results or analysis; any direct, indirect, special, or consequential damages to any party; or any lost profits arising out of or in connection with the use or the inability to use the data or the services provided. The Library makes these data and services available as a convenience to the public, and for no other purpose. The Library reserves the right to change or revise published data and/or services at any time.&lt;/SPAN&gt;&lt;/P&gt;&lt;/DIV&gt;&lt;/DIV&gt;&lt;/DIV&gt;</useLimit></Consts></resConst><aggrInfo><aggrDSName><resTitle>Montana Administrative Boundaries ArcGIS Server Map Service</resTitle><date><pubDate>2016-03-28</pubDate></date><citRespParty><rpOrgName>Montana State Library</rpOrgName><role><RoleCd value="006"/></role></citRespParty><citOnlineRes><linkage>http://gisservicemt.gov/arcgis/rest/services/MSDI_Framework</linkage></citOnlineRes></aggrDSName><assocType><AscTypeCd value="002"/></assocType></aggrInfo><spatRpType><SpatRepTypCd value="003" Sync="TRUE"></SpatRepTypCd></spatRpType><dataLang><languageCode value="eng"/><countryCode value="USA" Sync="TRUE"/></dataLang><dataExt xmlns=""><geoEle xmlns=""><GeoBndBox><westBL>-116.178571</westBL><eastBL>-103.611177</eastBL><southBL>44.316161</southBL><northBL>49.180871</northBL></GeoBndBox></geoEle><exDesc>bounding box</exDesc></dataExt><dataExt xmlns=""><exDesc>publication date</exDesc><tempEle><TempExtent><exTemp><TM_Instant><tmPosition>2025-05-01T00:00:00</tmPosition></TM_Instant></exTemp></TempExtent></tempEle></dataExt><suppInfo>These data represent Montana's School Districts boundaries. All Montana County School District Superintendents were contacted for legal descriptions/source documents. Montana law requires all County School District Superintendent to have these documents available for the public. The boundary files were created based on the best available source data received from the counties: Legal Descriptions, County GIS Files, County Source Maps, or where data sources were not available the Montana Cadastral GIS Data was used. Digital data used as a base layer to create these boundary files were the best available source at the time: Cadastral (parcel lines), Geographic Coordination Data Base (GCDB), National Agriculture Imagery Program (NAIP) Imagery, and 1:24,000 USGS Topographic Maps. All of these base layers can be found at the Montana State Library's website. The Montana State Library (MSL) and the MSDI supports a federated database approach to all MSDI layers. Montana defines a federated approach as a method that supports the integration and utilization of data from multiple data providers, while retaining the primary maintenance responsibility with the provider. Most of Montana's framework data model efforts have adopted a federated approach that leverages multiple data providers and thus multiple data maintainers. It is plausible that errors do exist and we welcome all corrections. If you do have a correction to a school district boundary or attribute information please contact the Administrative Boundaries Framework Coordinator.</suppInfo><dataChar><CharSetCd value="004"/></dataChar><envirDesc Sync="TRUE"> Version 6.2 (Build 9200) ; Esri ArcGIS 10.7.1.11595</envirDesc><idCredit>Office of Public Instruction, Montana State Library</idCredit><tpCat><TopicCatCd value="017"/></tpCat><tpCat><TopicCatCd value="003"/></tpCat></dataIdInfo><mdMaint><maintFreq><MaintFreqCd value="009"/></maintFreq></mdMaint><spatRepInfo><VectSpatRep><geometObjs Name="AdministrativeBoundaries.DBO.BNDY_SchoolDistrict_ElementaryLines"><geoObjTyp><GeoObjTypCd value="002" Sync="TRUE"/></geoObjTyp><geoObjCnt Sync="TRUE">2199</geoObjCnt></geometObjs><topLvl><TopoLevCd value="001" Sync="TRUE"/></topLvl></VectSpatRep></spatRepInfo><refSysInfo><RefSystem><refSysID><identCode code="32100" Sync="TRUE"/><idCodeSpace Sync="TRUE">EPSG</idCodeSpace><idVersion Sync="TRUE">4.5(3.0.1)</idVersion></refSysID></RefSystem></refSysInfo><eainfo><detailed Name="SchoolDistrict_CntySupt"><enttyp><enttypl Sync="TRUE">SchoolDistrict_CntySupt</enttypl><enttypt Sync="TRUE">Table</enttypt><enttypc Sync="TRUE">0</enttypc></enttyp><attr><attrlabl Sync="TRUE">OID</attrlabl><attalias Sync="TRUE">OID</attalias><attrtype Sync="TRUE">OID</attrtype><attwidth Sync="TRUE">4</attwidth><atprecis Sync="TRUE">0</atprecis><attscale Sync="TRUE">0</attscale><attrdef Sync="TRUE">Internal feature number.</attrdef><attrdefs Sync="TRUE">Esri</attrdefs><attrdomv><udom Sync="TRUE">Sequential unique whole numbers that are automatically generated.</udom></attrdomv></attr><attr><attrlabl Sync="TRUE">NAME</attrlabl><attalias Sync="TRUE">NAME</attalias><attrtype Sync="TRUE">String</attrtype><attwidth Sync="TRUE">50</attwidth><atprecis Sync="TRUE">0</atprecis><attscale Sync="TRUE">0</attscale></attr><attr><attrlabl Sync="TRUE">LE_NUMBER</attrlabl><attalias Sync="TRUE">LE_NUMBER</attalias><attrtype Sync="TRUE">String</attrtype><attwidth Sync="TRUE">6</attwidth><atprecis Sync="TRUE">0</atprecis><attscale Sync="TRUE">0</attscale></attr><attr><attrlabl Sync="TRUE">COUNTY</attrlabl><attalias Sync="TRUE">COUNTY</attalias><attrtype Sync="TRUE">String</attrtype><attwidth Sync="TRUE">30</attwidth><atprecis Sync="TRUE">0</atprecis><attscale Sync="TRUE">0</attscale></attr><attr><attrlabl Sync="TRUE">ADDRESS</attrlabl><attalias Sync="TRUE">ADDRESS</attalias><attrtype Sync="TRUE">String</attrtype><attwidth Sync="TRUE">75</attwidth><atprecis Sync="TRUE">0</atprecis><attscale Sync="TRUE">0</attscale></attr><attr><attrlabl Sync="TRUE">CITY</attrlabl><attalias Sync="TRUE">CITY</attalias><attrtype Sync="TRUE">String</attrtype><attwidth Sync="TRUE">35</attwidth><atprecis Sync="TRUE">0</atprecis><attscale Sync="TRUE">0</attscale></attr><attr><attrlabl Sync="TRUE">STATE</attrlabl><attalias Sync="TRUE">STATE</attalias><attrtype Sync="TRUE">String</attrtype><attwidth Sync="TRUE">8</attwidth><atprecis Sync="TRUE">0</atprecis><attscale Sync="TRUE">0</attscale></attr><attr><attrlabl Sync="TRUE">ZIPCODE</attrlabl><attalias Sync="TRUE">ZIPCODE</attalias><attrtype Sync="TRUE">String</attrtype><attwidth Sync="TRUE">15</attwidth><atprecis Sync="TRUE">0</atprecis><attscale Sync="TRUE">0</attscale></attr><attr><attrlabl Sync="TRUE">PHONE</attrlabl><attalias Sync="TRUE">PHONE</attalias><attrtype Sync="TRUE">String</attrtype><attwidth Sync="TRUE">25</attwidth><atprecis Sync="TRUE">0</atprecis><attscale Sync="TRUE">0</attscale></attr><attr><attrlabl Sync="TRUE">FAX</attrlabl><attalias Sync="TRUE">FAX</attalias><attrtype Sync="TRUE">String</attrtype><attwidth Sync="TRUE">25</attwidth><atprecis Sync="TRUE">0</atprecis><attscale Sync="TRUE">0</attscale></attr><attr><attrlabl Sync="TRUE">EMAIL</attrlabl><attalias Sync="TRUE">EMAIL</attalias><attrtype Sync="TRUE">String</attrtype><attwidth Sync="TRUE">40</attwidth><atprecis Sync="TRUE">0</atprecis><attscale Sync="TRUE">0</attscale></attr><attr><attrlabl Sync="TRUE">COUNTYCODE</attrlabl><attalias Sync="TRUE">COUNTYCODE</attalias><attrtype Sync="TRUE">String</attrtype><attwidth Sync="TRUE">5</attwidth><atprecis Sync="TRUE">0</atprecis><attscale Sync="TRUE">0</attscale></attr></detailed></eainfo></metadata>
