<metadata xml:lang="en"><Esri><CreaDate>20250425</CreaDate><CreaTime>10214300</CreaTime><SyncOnce>FALSE</SyncOnce><SyncDate>20250425</SyncDate><SyncTime>10214700</SyncTime><ModDate>20250425</ModDate><ModTime>10214700</ModTime><ArcGISFormat>1.0</ArcGISFormat><ArcGISstyle>FGDC CSDGM Metadata</ArcGISstyle><DataProperties><itemProps><itemLocation><linkage Sync="TRUE">file://\\MSLGEOINFO2833\D$\Publish\MontanaSchoolDistricts_shp\Unified.shp</linkage><protocol Sync="TRUE">Local Area Network</protocol></itemLocation><itemName Sync="TRUE">Unified</itemName><imsContentType Sync="TRUE" export="False">002</imsContentType><nativeExtBox><westBL Sync="TRUE">128497.066100</westBL><eastBL Sync="TRUE">1023005.361600</eastBL><southBL Sync="TRUE">17695.301400</southBL><northBL Sync="TRUE">541731.466900</northBL><exTypeCode Sync="TRUE">1</exTypeCode></nativeExtBox><relatedItems><item><itemType Sync="TRUE">Relationship</itemType></item><item><itemName Sync="TRUE">AdministrativeBoundaries.DBO.SD_UnifiedEnroll</itemName><itemType Sync="TRUE">Relationship</itemType></item><item><itemName Sync="TRUE">AdministrativeBoundaries.DBO.SD_UnifiedCntySupt</itemName><itemType Sync="TRUE">Relationship</itemType></item></relatedItems><itemSize Sync="TRUE">0.000</itemSize></itemProps><coordRef><type Sync="TRUE">Projected</type><geogcsn Sync="TRUE">GCS_NAD_1983_2011</geogcsn><csUnits Sync="TRUE">Linear Unit: Meter (1.000000)</csUnits><projcsn Sync="TRUE">NAD_1983_2011_StatePlane_Montana_FIPS_2500</projcsn><peXml Sync="TRUE">&lt;ProjectedCoordinateSystem xsi:type='typens:ProjectedCoordinateSystem' xmlns:xsi='http://www.w3.org/2001/XMLSchema-instance' xmlns:xs='http://www.w3.org/2001/XMLSchema' xmlns:typens='http://www.esri.com/schemas/ArcGIS/10.7'&gt;&lt;WKT&gt;PROJCS[&amp;quot;NAD_1983_2011_StatePlane_Montana_FIPS_2500&amp;quot;,GEOGCS[&amp;quot;GCS_NAD_1983_2011&amp;quot;,DATUM[&amp;quot;D_NAD_1983_2011&amp;quot;,SPHEROID[&amp;quot;GRS_1980&amp;quot;,6378137.0,298.257222101]],PRIMEM[&amp;quot;Greenwich&amp;quot;,0.0],UNIT[&amp;quot;Degree&amp;quot;,0.0174532925199433]],PROJECTION[&amp;quot;Lambert_Conformal_Conic&amp;quot;],PARAMETER[&amp;quot;False_Easting&amp;quot;,600000.0],PARAMETER[&amp;quot;False_Northing&amp;quot;,0.0],PARAMETER[&amp;quot;Central_Meridian&amp;quot;,-109.5],PARAMETER[&amp;quot;Standard_Parallel_1&amp;quot;,45.0],PARAMETER[&amp;quot;Standard_Parallel_2&amp;quot;,49.0],PARAMETER[&amp;quot;Latitude_Of_Origin&amp;quot;,44.25],UNIT[&amp;quot;Meter&amp;quot;,1.0],AUTHORITY[&amp;quot;EPSG&amp;quot;,6514]]&lt;/WKT&gt;&lt;XOrigin&gt;-35666000&lt;/XOrigin&gt;&lt;YOrigin&gt;-30006900&lt;/YOrigin&gt;&lt;XYScale&gt;124182419.54917815&lt;/XYScale&gt;&lt;ZOrigin&gt;-100000&lt;/ZOrigin&gt;&lt;ZScale&gt;10000&lt;/ZScale&gt;&lt;MOrigin&gt;-100000&lt;/MOrigin&gt;&lt;MScale&gt;10000&lt;/MScale&gt;&lt;XYTolerance&gt;0.001&lt;/XYTolerance&gt;&lt;ZTolerance&gt;0.001&lt;/ZTolerance&gt;&lt;MTolerance&gt;0.001&lt;/MTolerance&gt;&lt;HighPrecision&gt;true&lt;/HighPrecision&gt;&lt;WKID&gt;103093&lt;/WKID&gt;&lt;LatestWKID&gt;6514&lt;/LatestWKID&gt;&lt;/ProjectedCoordinateSystem&gt;</peXml></coordRef><lineage><Process ToolSource="c:\program files (x86)\arcgis\desktop10.7\ArcToolbox\Toolboxes\Data Management Tools.tbx\Project" Date="20250425" Time="102128">Project D:\Scratch\20250425\Publish_20250425.gdb\BNDY_SchoolDistrict_Unified D:\Publish\Boundaries.gdb\SchoolDistrict_Unified PROJCS['WGS_1984_Web_Mercator_Auxiliary_Sphere',GEOGCS['GCS_WGS_1984',DATUM['D_WGS_1984',SPHEROID['WGS_1984',6378137.0,298.257223563]],PRIMEM['Greenwich',0.0],UNIT['Degree',0.0174532925199433]],PROJECTION['Mercator_Auxiliary_Sphere'],PARAMETER['False_Easting',0.0],PARAMETER['False_Northing',0.0],PARAMETER['Central_Meridian',0.0],PARAMETER['Standard_Parallel_1',0.0],PARAMETER['Auxiliary_Sphere_Type',0.0],UNIT['Meter',1.0]] WGS_1984_(ITRF08)_To_NAD_1983_2011 PROJCS['NAD_1983_2011_StatePlane_Montana_FIPS_2500',GEOGCS['GCS_NAD_1983_2011',DATUM['D_NAD_1983_2011',SPHEROID['GRS_1980',6378137.0,298.257222101]],PRIMEM['Greenwich',0.0],UNIT['Degree',0.0174532925199433]],PROJECTION['Lambert_Conformal_Conic'],PARAMETER['False_Easting',600000.0],PARAMETER['False_Northing',0.0],PARAMETER['Central_Meridian',-109.5],PARAMETER['Standard_Parallel_1',45.0],PARAMETER['Standard_Parallel_2',49.0],PARAMETER['Latitude_Of_Origin',44.25],UNIT['Meter',1.0]] NO_PRESERVE_SHAPE # NO_VERTICAL</Process><Process ToolSource="c:\program files (x86)\arcgis\desktop10.7\ArcToolbox\Toolboxes\Data Management Tools.tbx\DeleteField" Date="20250425" Time="102128">DeleteField D:\Publish\Boundaries.gdb\\SchoolDistrict_Unified NOTES;ORIG_FID</Process><Process ToolSource="c:\program files (x86)\arcgis\desktop10.7\ArcToolbox\Toolboxes\Data Management Tools.tbx\Project" Date="20250425" Time="102143">Project D:\Publish\Boundaries.gdb\\SchoolDistrict_Unified D:\\Publish\\MontanaSchoolDistricts.gdb\Unified PROJCS['NAD_1983_2011_StatePlane_Montana_FIPS_2500',GEOGCS['GCS_NAD_1983_2011',DATUM['D_NAD_1983_2011',SPHEROID['GRS_1980',6378137.0,298.257222101]],PRIMEM['Greenwich',0.0],UNIT['Degree',0.0174532925199433]],PROJECTION['Lambert_Conformal_Conic'],PARAMETER['False_Easting',600000.0],PARAMETER['False_Northing',0.0],PARAMETER['Central_Meridian',-109.5],PARAMETER['Standard_Parallel_1',45.0],PARAMETER['Standard_Parallel_2',49.0],PARAMETER['Latitude_Of_Origin',44.25],UNIT['Meter',1.0]] WGS_1984_(ITRF08)_To_NAD_1983_2011 PROJCS['WGS_1984_Web_Mercator_Auxiliary_Sphere',GEOGCS['GCS_WGS_1984',DATUM['D_WGS_1984',SPHEROID['WGS_1984',6378137.0,298.257223563]],PRIMEM['Greenwich',0.0],UNIT['Degree',0.0174532925199433]],PROJECTION['Mercator_Auxiliary_Sphere'],PARAMETER['False_Easting',0.0],PARAMETER['False_Northing',0.0],PARAMETER['Central_Meridian',0.0],PARAMETER['Standard_Parallel_1',0.0],PARAMETER['Auxiliary_Sphere_Type',0.0],UNIT['Meter',1.0]] NO_PRESERVE_SHAPE # NO_VERTICAL</Process><Process ToolSource="c:\program files (x86)\arcgis\desktop10.7\ArcToolbox\Toolboxes\Data Management Tools.tbx\CopyFeatures" Date="20250425" Time="102147">CopyFeatures D:\\Publish\\MontanaSchoolDistricts.gdb\Unified D:\\Publish\\MontanaSchoolDistricts_shp\Unified.shp # 0 0 0</Process></lineage></DataProperties><scaleRange><minScale>150000000</minScale><maxScale>5000</maxScale></scaleRange><ArcGISProfile>FGDC</ArcGISProfile></Esri><mdLang><languageCode value="eng"/><countryCode value="USA" Sync="TRUE"/></mdLang><mdChar><CharSetCd value="004"/></mdChar><mdHrLv><ScopeCd value="005"/></mdHrLv><mdContact><rpOrgName>Montana State Library</rpOrgName><rpCntInfo><cntPhone><voiceNum tddtty="">406-444-3115</voiceNum><voiceNum tddtty="True">Montana Relay 711</voiceNum><faxNum>406-444-0266</faxNum></cntPhone><cntAddress addressType="both"><delPoint>PO Box 201800</delPoint><city>Helena</city><adminArea>Montana</adminArea><postCode>59620-1800</postCode><country>US</country><eMailAdd>https://msl.mt.gov</eMailAdd><delPoint>1201 11th Ave</delPoint></cntAddress><cntInstr>For GIS assistance please submit a GIS Support Ticket: https://msl.mt.gov/geoinfo/Help/</cntInstr></rpCntInfo><role><RoleCd value="007"/></role></mdContact><mdStanName>ArcGIS Metadata</mdStanName><mdStanVer>1.0</mdStanVer><distInfo><distributor><distorCont><rpOrgName>Montana State Library</rpOrgName><rpCntInfo><cntPhone><voiceNum tddtty="">406-444-3115</voiceNum><voiceNum tddtty="True">Montana Relay 711</voiceNum><faxNum>406-444-0266</faxNum></cntPhone><cntAddress addressType="both"><delPoint>PO Box 201800</delPoint><city>Helena</city><adminArea>Montana</adminArea><postCode>59620-1800</postCode><country>US</country><eMailAdd>https://msl.mt.gov</eMailAdd><delPoint>1201 11th Ave</delPoint></cntAddress><cntInstr>For GIS assistance please submit a GIS Support Ticket: https://msl.mt.gov/geoinfo/Help/</cntInstr></rpCntInfo><role><RoleCd value="005"/></role></distorCont></distributor><distTranOps><onLineSrc><linkage>https://ftpgeoinfo.msl.mt.gov/Data/Spatial/MSDI/AdministrativeBoundaries/</linkage><orFunct><OnFunctCd value="001"/></orFunct></onLineSrc><transSize Sync="TRUE">0.000</transSize></distTranOps><distFormat><formatName Sync="FALSE">File Geodatabase</formatName></distFormat><distFormat><formatName>Shapefile</formatName></distFormat></distInfo><dataIdInfo><idCitation><resTitle Sync="FALSE">Montana Unified (K-12) School Districts</resTitle><date><pubDate>2025-05-01T00:00:00</pubDate></date><citRespParty><rpOrgName>Montana State Library</rpOrgName><rpCntInfo><cntAddress addressType="both"><delPoint>PO Box 201800</delPoint><city>Helena</city><adminArea>Montana</adminArea><postCode>59620-1800</postCode><eMailAdd>https://msl.mt.gov</eMailAdd><country>US</country><delPoint>1201 11th Ave</delPoint></cntAddress><cntPhone><voiceNum tddtty="">406-444-3115</voiceNum><faxNum>406-444-0266</faxNum><voiceNum tddtty="True">406-444-4799</voiceNum></cntPhone><cntInstr>For GIS assistance please submit a GIS Support Ticket: https://msl.mt.gov/geoinfo/Help/</cntInstr></rpCntInfo><role><RoleCd value="006"/></role></citRespParty><presForm><PresFormCd value="005"/></presForm><presForm><fgdcGeoform>vector digital data</fgdcGeoform></presForm><collTitle>Montana Administrative Boundaries ArcGIS Server Map Service</collTitle></idCitation><idAbs>&lt;DIV STYLE="text-align:Left;"&gt;&lt;DIV&gt;&lt;DIV&gt;&lt;P&gt;&lt;SPAN&gt;Montana School Districts. These data represent Montana's School Districts boundaries: Elementary/Secondary (High School)/Unified (K-12)&lt;/SPAN&gt;&lt;/P&gt;&lt;/DIV&gt;&lt;/DIV&gt;&lt;/DIV&gt;</idAbs><idPurp>For the mapping or analysis of Montana School Districts.</idPurp><idStatus><ProgCd value="001"/></idStatus><idPoC><rpOrgName>Montana State Library</rpOrgName><rpPosName>Montana State Library</rpPosName><rpCntInfo><cntPhone><voiceNum tddtty="">406-444-3115</voiceNum><voiceNum tddtty="True">Montana Relay 711</voiceNum><faxNum>406-444-0266</faxNum></cntPhone><cntAddress addressType="both"><delPoint>PO Box 201800</delPoint><city>Helena</city><adminArea>Montana</adminArea><postCode>59620-1800</postCode><country>US</country><eMailAdd>https://msl.mt.gov</eMailAdd><delPoint>1201 11th Ave</delPoint></cntAddress><cntInstr>For GIS assistance please submit a GIS Support Ticket: https://msl.mt.gov/geoinfo/Help/</cntInstr></rpCntInfo><role><RoleCd value="010"/></role></idPoC><resMaint><maintFreq><MaintFreqCd value="009"/></maintFreq></resMaint><placeKeys><keyword>Montana</keyword></placeKeys><themeKeys><keyword>K-12 school districts</keyword><keyword>districts</keyword><keyword>MSDI</keyword><keyword>MSDI Boundaries</keyword><keyword>unified</keyword><keyword>Administrative Boundaries Framework</keyword><keyword>high schools</keyword><keyword>secondary</keyword><keyword>secondary school districts</keyword><keyword>Montana Spatial Data Infrastructure</keyword><keyword>governmental units</keyword><keyword>school districts</keyword><keyword>elementary school districts</keyword><keyword>elementary schools</keyword><keyword>elementary</keyword><keyword>K-12</keyword><keyword>high school school districts</keyword><keyword>school</keyword><keyword>schools</keyword><keyword>unified school districts</keyword></themeKeys><themeKeys><thesaName><resTitle>ISO 19115 Topic Category</resTitle></thesaName><keyword>boundaries</keyword></themeKeys><searchKeys><keyword>K-12 school districts</keyword><keyword>districts</keyword><keyword>MSDI</keyword><keyword>MSDI Boundaries</keyword><keyword>unified</keyword><keyword>Administrative Boundaries Framework</keyword><keyword>high schools</keyword><keyword>secondary</keyword><keyword>secondary school districts</keyword><keyword>Montana Spatial Data Infrastructure</keyword><keyword>governmental units</keyword><keyword>school districts</keyword><keyword>elementary school districts</keyword><keyword>elementary schools</keyword><keyword>elementary</keyword><keyword>K-12</keyword><keyword>high school school districts</keyword><keyword>boundaries</keyword><keyword>school</keyword><keyword>schools</keyword><keyword>unified school districts</keyword><keyword>Montana</keyword></searchKeys><resConst><LegConsts><useLimit>The Montana State Library Geographic Information Services provides this product/service for informational purposes only. The Library did not produce it for, nor is it suitable for legal, engineering, or surveying purposes. Consumers of this information should review or consult the primary data and information sources to ascertain the viability of the information for their purposes. The Library provides these data in good faith but does not represent or warrant its accuracy, adequacy, or completeness. In no event shall the Library be liable for any incorrect results or analysis; any direct, indirect, special, or consequential damages to any party; or any lost profits arising out of or in connection with the use or the inability to use the data or the services provided. The Library makes these data and services available as a convenience to the public, and for no other purpose. The Library reserves the right to change or revise published data and/or services at any time.</useLimit></LegConsts></resConst><resConst><Consts><useLimit>&lt;DIV STYLE="text-align:Left;"&gt;&lt;DIV&gt;&lt;DIV&gt;&lt;P&gt;&lt;SPAN&gt;The Montana State Library provides this product/service for informational purposes only. The Library did not produce it for, nor is it suitable for legal, engineering, or surveying purposes. Consumers of this information should review or consult the primary data and information sources to ascertain the viability of the information for their purposes. The Library provides these data in good faith but does not represent or warrant its accuracy, adequacy, or completeness. In no event shall the Library be liable for any incorrect results or analysis; any direct, indirect, special, or consequential damages to any party; or any lost profits arising out of or in connection with the use or the inability to use the data or the services provided. The Library makes these data and services available as a convenience to the public, and for no other purpose. The Library reserves the right to change or revise published data and/or services at any time.&lt;/SPAN&gt;&lt;/P&gt;&lt;/DIV&gt;&lt;/DIV&gt;&lt;/DIV&gt;</useLimit></Consts></resConst><aggrInfo><aggrDSName><resTitle>Montana Administrative Boundaries ArcGIS Server Map Service</resTitle><citRespParty><rpOrgName>Montana State Library</rpOrgName><role><RoleCd value="006"/></role></citRespParty><citOnlineRes><linkage>http://gisservicemt.gov/arcgis/rest/services/MSDI_Framework</linkage></citOnlineRes></aggrDSName><assocType><AscTypeCd value="002"/></assocType></aggrInfo><spatRpType><SpatRepTypCd value="001"/></spatRpType><dataLang><languageCode value="eng"/><countryCode value="USA" Sync="TRUE"/></dataLang><dataExt><geoEle><GeoBndBox><westBL>-116.178571</westBL><eastBL>-103.611177</eastBL><southBL>44.316161</southBL><northBL>49.180871</northBL></GeoBndBox></geoEle><exDesc>Bounding Box</exDesc></dataExt><dataExt><exDesc>Publication Date</exDesc><tempEle><TempExtent><exTemp><TM_Instant><tmPosition>2025-05-01T00:00:00</tmPosition></TM_Instant></exTemp></TempExtent></tempEle></dataExt><suppInfo>These data represent Montana's School Districts boundaries. All Montana County School District Superintendents were contacted for legal descriptions/source documents. Montana law requires all County School District Superintendent to have these documents available for the public. The boundary files were created based on the best available source data received from the counties: Legal Descriptions, County GIS Files, County Source Maps, or where data sources were not available the Montana Cadastral GIS Data was used. Digital data used as a base layer to create these boundary files were the best available source at the time: Cadastral (parcel lines), Geographic Coordination Data Base (GCDB), National Agriculture Imagery Program (NAIP) Imagery, and 1:24,000 USGS Topographic Maps. All of these base layers can be found at the Montana State Library's website. The Montana State Library (MSL) and the MSDI supports a federated database approach to all MSDI layers. Montana defines a federated approach as a method that supports the integration and utilization of data from multiple data providers, while retaining the primary maintenance responsibility with the provider. Most of Montana's framework data model efforts have adopted a federated approach that leverages multiple data providers and thus multiple data maintainers. It is plausible that errors do exist and we welcome all corrections. If you do have a correction to a school district boundary or attribute information please contact the Administrative Boundaries Framework Coordinator.</suppInfo><dataChar><CharSetCd value="004"/></dataChar><envirDesc Sync="TRUE"> Version 6.2 (Build 9200) ; Esri ArcGIS 10.7.1.11595</envirDesc><idCredit>Montana State Library, Montana Office of Public Instruction, Montana Local County Governments</idCredit><tpCat><TopicCatCd value="017"/></tpCat><tpCat><TopicCatCd value="003"/></tpCat></dataIdInfo><mdMaint><maintFreq><MaintFreqCd value="009"/></maintFreq></mdMaint><eainfo><detailed Name="Unified"><enttyp><enttypl Sync="TRUE">Unified</enttypl><enttypt Sync="TRUE">Feature Class</enttypt><enttypc Sync="TRUE">0</enttypc></enttyp><attr><attrlabl Sync="TRUE">FID</attrlabl><attalias Sync="TRUE">FID</attalias><attrtype Sync="TRUE">OID</attrtype><attwidth Sync="TRUE">4</attwidth><atprecis Sync="TRUE">0</atprecis><attscale Sync="TRUE">0</attscale><attrdef Sync="TRUE">Internal feature number.</attrdef><attrdefs Sync="TRUE">Esri</attrdefs><attrdomv><udom Sync="TRUE">Sequential unique whole numbers that are automatically generated.</udom></attrdomv></attr><attr><attrlabl Sync="TRUE">NAME</attrlabl><attalias Sync="TRUE">NAME</attalias><attrtype Sync="TRUE">String</attrtype><attwidth Sync="TRUE">50</attwidth><atprecis Sync="TRUE">0</atprecis><attscale Sync="TRUE">0</attscale></attr><attr><attrlabl Sync="TRUE">LE_NUMBER</attrlabl><attalias Sync="TRUE">LE_NUMBER</attalias><attrtype Sync="TRUE">String</attrtype><attwidth Sync="TRUE">4</attwidth><atprecis Sync="TRUE">0</atprecis><attscale Sync="TRUE">0</attscale></attr><attr><attrlabl Sync="TRUE">TYPE</attrlabl><attalias Sync="TRUE">TYPE</attalias><attrtype Sync="TRUE">Integer</attrtype><attwidth Sync="TRUE">5</attwidth><atprecis Sync="TRUE">5</atprecis><attscale Sync="TRUE">0</attscale></attr><attr><attrlabl Sync="TRUE">SOURCE</attrlabl><attalias Sync="TRUE">SOURCE</attalias><attrtype Sync="TRUE">String</attrtype><attwidth Sync="TRUE">2</attwidth><atprecis Sync="TRUE">0</atprecis><attscale Sync="TRUE">0</attscale></attr><attr><attrlabl Sync="TRUE">PKEY</attrlabl><attalias Sync="TRUE">PKEY</attalias><attrtype Sync="TRUE">String</attrtype><attwidth Sync="TRUE">30</attwidth><atprecis Sync="TRUE">0</atprecis><attscale Sync="TRUE">0</attscale></attr><attr><attrlabl Sync="TRUE">LAST_UPDAT</attrlabl><attalias Sync="TRUE">LAST_UPDAT</attalias><attrtype Sync="TRUE">Date</attrtype><attwidth Sync="TRUE">8</attwidth><atprecis Sync="TRUE">0</atprecis><attscale Sync="TRUE">0</attscale></attr><attr><attrlabl Sync="TRUE">ENTITY_ID</attrlabl><attalias Sync="TRUE">ENTITY_ID</attalias><attrtype Sync="TRUE">String</attrtype><attwidth Sync="TRUE">15</attwidth><atprecis Sync="TRUE">0</atprecis><attscale Sync="TRUE">0</attscale></attr><attr><attrlabl Sync="TRUE">DATASET_ID</attrlabl><attalias Sync="TRUE">DATASET_ID</attalias><attrtype Sync="TRUE">String</attrtype><attwidth Sync="TRUE">5</attwidth><atprecis Sync="TRUE">0</atprecis><attscale Sync="TRUE">0</attscale></attr><attr><attrlabl Sync="TRUE">SHAPE</attrlabl><attalias Sync="TRUE">Shape</attalias><attrtype Sync="TRUE">Geometry</attrtype><attwidth Sync="TRUE">0</attwidth><atprecis Sync="TRUE">0</atprecis><attscale Sync="TRUE">0</attscale><attrdef Sync="TRUE">Feature geometry.</attrdef><attrdefs Sync="TRUE">Esri</attrdefs><attrdomv><udom Sync="TRUE">Coordinates defining the features.</udom></attrdomv></attr><attr><attrlabl Sync="TRUE">County_Cod</attrlabl><attalias Sync="TRUE">County_Cod</attalias><attrtype Sync="TRUE">String</attrtype><attwidth Sync="TRUE">2</attwidth><atprecis Sync="TRUE">0</atprecis><attscale Sync="TRUE">0</attscale></attr><attr><attrlabl Sync="TRUE">County_Nam</attrlabl><attalias Sync="TRUE">County_Nam</attalias><attrtype Sync="TRUE">String</attrtype><attwidth Sync="TRUE">30</attwidth><atprecis Sync="TRUE">0</atprecis><attscale Sync="TRUE">0</attscale></attr><attr><attrlabl Sync="TRUE">District_N</attrlabl><attalias Sync="TRUE">District_N</attalias><attrtype Sync="TRUE">String</attrtype><attwidth Sync="TRUE">10</attwidth><atprecis Sync="TRUE">0</atprecis><attscale Sync="TRUE">0</attscale></attr><attr><attrlabl Sync="TRUE">ID_UK</attrlabl><attalias Sync="TRUE">ID_UK</attalias><attrtype Sync="TRUE">String</attrtype><attwidth Sync="TRUE">50</attwidth><atprecis Sync="TRUE">0</atprecis><attscale Sync="TRUE">0</attscale></attr><attr><attrlabl Sync="TRUE">Acres</attrlabl><attalias Sync="TRUE">Acres</attalias><attrtype Sync="TRUE">Double</attrtype><attwidth Sync="TRUE">19</attwidth><atprecis Sync="TRUE">0</atprecis><attscale Sync="TRUE">0</attscale></attr><attr><attrlabl Sync="TRUE">AreaSqMi</attrlabl><attalias Sync="TRUE">AreaSqMi</attalias><attrtype Sync="TRUE">Double</attrtype><attwidth Sync="TRUE">19</attwidth><atprecis Sync="TRUE">0</atprecis><attscale Sync="TRUE">0</attscale></attr><attr><attrlabl Sync="TRUE">SDLEA</attrlabl><attalias Sync="TRUE">SDLEA</attalias><attrtype Sync="TRUE">String</attrtype><attwidth Sync="TRUE">6</attwidth><atprecis Sync="TRUE">0</atprecis><attscale Sync="TRUE">0</attscale></attr><attr><attrlabl Sync="TRUE">SHAPE_Leng</attrlabl><attalias Sync="TRUE">SHAPE_Leng</attalias><attrtype Sync="TRUE">Double</attrtype><attwidth Sync="TRUE">19</attwidth><atprecis Sync="TRUE">0</atprecis><attscale Sync="TRUE">0</attscale></attr><attr><attrlabl Sync="TRUE">SHAPE_Area</attrlabl><attalias Sync="TRUE">SHAPE_Area</attalias><attrtype Sync="TRUE">Double</attrtype><attwidth Sync="TRUE">19</attwidth><atprecis Sync="TRUE">0</atprecis><attscale Sync="TRUE">0</attscale><attrdef Sync="TRUE">Area of feature in internal units squared.</attrdef><attrdefs Sync="TRUE">Esri</attrdefs><attrdomv><udom Sync="TRUE">Positive real numbers that are automatically generated.</udom></attrdomv></attr></detailed></eainfo><mdHrLvName Sync="TRUE">dataset</mdHrLvName><refSysInfo><RefSystem><refSysID><identCode code="6514" Sync="TRUE"/><idCodeSpace Sync="TRUE">EPSG</idCodeSpace><idVersion Sync="TRUE">8.2.10(10.3.1)</idVersion></refSysID></RefSystem></refSysInfo><spatRepInfo><VectSpatRep><geometObjs Name="Unified"><geoObjTyp><GeoObjTypCd value="002" Sync="TRUE"></GeoObjTypCd></geoObjTyp><geoObjCnt Sync="TRUE">0</geoObjCnt></geometObjs><topLvl><TopoLevCd value="001" Sync="TRUE"></TopoLevCd></topLvl></VectSpatRep></spatRepInfo><spdoinfo><ptvctinf><esriterm Name="Unified"><efeatyp Sync="TRUE">Simple</efeatyp><efeageom code="4" Sync="TRUE"></efeageom><esritopo Sync="TRUE">FALSE</esritopo><efeacnt Sync="TRUE">0</efeacnt><spindex Sync="TRUE">FALSE</spindex><linrefer Sync="TRUE">FALSE</linrefer></esriterm></ptvctinf></spdoinfo><mdDateSt Sync="FALSE">20250501</mdDateSt><dqInfo><dataLineage><prcStep><stepDesc>Adjusted school district boundaries to the July 2015 CadNSDI Montana (PLSS); Corrected Name and Legal Entity (LE) numbers</stepDesc><stepDateTm>2015-09-09T00:00:00</stepDateTm></prcStep><prcStep><stepDesc>White Sulphur Springs EL (LE0569) was annexed into White Sulphur Springs HS (LE0570) to form White Sulphur Springs K-12 (LE0570)</stepDesc><stepDateTm>2016-01-06T00:00:00</stepDateTm></prcStep><prcStep><stepDesc>Adjusted county boundaries to the March 2016 CadNSDI Montana (PLSS); Annexation of Big Sandy EL (LE0137) to Big Sandy HS (LE0138) to form Big Sandy K-12 (LE0138)</stepDesc><stepDateTm>2016-09-30T00:00:00</stepDateTm></prcStep><prcStep><stepDesc>Updated the school district county superintendent and enrollment tables with the FY2016 data from the Montana Office of Public Instruction (OPI)</stepDesc><stepDateTm>2016-10-12T00:00:00</stepDateTm></prcStep><prcStep><stepDesc>Adjusted county boundaries to the October 2017 CadNSDI Montana (PLSS); Annexation of Plains EL (LE0802) to Plains HS (LE0803) to form Plains K-12 (LE0803); Updated the school district county superintendent and enrollment tables with the FY2017 data from the Montana Office of Public Instruction (OPI)</stepDesc><stepDateTm>2017-10-11T00:00:00</stepDateTm></prcStep><prcStep><stepDesc>Updated Sanders County, Ravalli County, Malta/Whitewater K-12</stepDesc><stepDateTm>2017-11-08T00:00:00</stepDateTm></prcStep><prcStep><stepDesc>Updated the school district county superintendent and enrollment tables with the FY2018 data from the Montana Office of Public Instruction (OPI)</stepDesc><stepDateTm>2018-07-17T00:00:00</stepDateTm></prcStep><prcStep><stepDesc>Added East Helena K-12 and Lockwood K-12; Abandonment and attachment of Springdale EL to Livingston EL, Shields Valley EL, and McLeod EL</stepDesc><stepDateTm>2018-08-27T00:00:00</stepDateTm></prcStep><prcStep><stepDesc>Adjusted boundaries to the November 2018 CadNSDI Montana (PLSS); Updated Gallatin and Phillips County School District Boundaries</stepDesc><stepDateTm>2019-02-08T00:00:00</stepDateTm></prcStep><prcStep><stepDesc>Updated the school district county superintendent and enrollment tables (FY1991 - 2018) with data from the Montana Office of Public Instruction (OPI).  Enrollment Numbers are ANB values.</stepDesc><stepDateTm>2019-02-26T00:00:00</stepDateTm></prcStep><prcStep><stepDesc>Updated the school district county superintendent table with data from the Montana Office of Public Instruction (OPI) - Data Updated 11/4/2019;  Harlowton EL (LE0945) was annexed into Harlowton K-12 (LE0946); Update Charlo EL, Charlo HS, and St Ignatius K-12 boundary (T19N R20W Section 14); Update Missoula HS and Bigfork HS Districts; Update Upper West Shore EL; Update Box Elder EL, Cottonwood EL, Havre EL, North Star EL, and Rocky Boy EL; Roundup EL and Melstone EL, and Roundup HS and Melstone HS.</stepDesc><stepDateTm>2019-11-04T00:00:00</stepDateTm></prcStep><prcStep><stepDesc>Updated the school district enrollment tables with the FY2019 data from the Montana Office of Public Instruction (OPI)</stepDesc><stepDateTm>2020-01-27T00:00:00</stepDateTm></prcStep><prcStep><stepDesc>Updated the school district enrollment tables with the Fall FY2020 data from the Montana Office of Public Instruction (OPI)</stepDesc><stepDateTm>2020-04-13T00:00:00</stepDateTm></prcStep><prcStep><stepDesc>Geyser EL (LE0472) was annexed into Geyser HS (LE0473) to form Geyser K-12 (LE0473); Updated the school district county superintendents table</stepDesc><stepDateTm>2020-10-16T00:00:00</stepDateTm></prcStep><prcStep><stepDesc>Added a unique identifier (ID_UK); Aligned to the 2021 CadNSDI; Projected to NAD83 2011</stepDesc><stepDateTm>2021-06-25T00:00:00</stepDateTm></prcStep><prcStep><stepDesc> Updated enrollment table with the FY2021 data from the Montana Office of Public Instruction (OPI)</stepDesc><stepDateTm>2021-07-30T00:00:00</stepDateTm></prcStep><prcStep><stepDesc>School District updates from the US Census School District Review Program (SDRP) and Geo-Enabled Elections work</stepDesc><stepDateTm>2022-03-28T00:00:00</stepDateTm></prcStep><prcStep><stepDesc>School District updates from the US Census School District Review Program (SDRP) and Geo-Enabled Elections work; Updated enrollment numbers.</stepDesc><stepDateTm>2023-01-06T00:00:00</stepDateTm></prcStep><prcStep><stepDesc>School District updates from the US Census School District Review Program (SDRP) and Geo-Enabled Elections work; Updated enrollment numbers for FY2024 (school year 2023-2024) and FY 2025 (school year 2024-2025) from the Montana Office of Public Instruction (OPI): https://gems.opi.mt.gov/school-district-data</stepDesc><stepDateTm>2025-04-24T00:00:00</stepDateTm></prcStep></dataLineage></dqInfo></metadata>
