<metadata xml:lang="en"><Esri><CreaDate>20240130</CreaDate><CreaTime>16200300</CreaTime><ArcGISFormat>1.0</ArcGISFormat><ArcGISstyle>FGDC CSDGM Metadata</ArcGISstyle><SyncOnce>FALSE</SyncOnce><DataProperties><itemProps><itemName Sync="TRUE">MontanaSenateDistricts</itemName><nativeExtBox><westBL Sync="TRUE">111848.441300</westBL><eastBL Sync="TRUE">1030197.813000</eastBL><southBL Sync="TRUE">17695.301400</southBL><northBL Sync="TRUE">547983.438400</northBL><exTypeCode Sync="TRUE">1</exTypeCode></nativeExtBox><itemLocation><linkage Sync="TRUE">file://\\MSLGEOINFO2833\D$\Publish\MontanaLegislativeDistricts_shp\MontanaSenateDistricts.shp</linkage><protocol Sync="TRUE">Local Area Network</protocol></itemLocation><imsContentType Sync="TRUE">002</imsContentType><itemSize Sync="TRUE">0.000</itemSize></itemProps><coordRef><type Sync="TRUE">Projected</type><geogcsn Sync="TRUE">GCS_NAD_1983_2011</geogcsn><csUnits Sync="TRUE">Linear Unit: Meter (1.000000)</csUnits><projcsn Sync="TRUE">NAD_1983_2011_StatePlane_Montana_FIPS_2500</projcsn><peXml Sync="TRUE">&lt;ProjectedCoordinateSystem xsi:type='typens:ProjectedCoordinateSystem' xmlns:xsi='http://www.w3.org/2001/XMLSchema-instance' xmlns:xs='http://www.w3.org/2001/XMLSchema' xmlns:typens='http://www.esri.com/schemas/ArcGIS/10.7'&gt;&lt;WKT&gt;PROJCS[&amp;quot;NAD_1983_2011_StatePlane_Montana_FIPS_2500&amp;quot;,GEOGCS[&amp;quot;GCS_NAD_1983_2011&amp;quot;,DATUM[&amp;quot;D_NAD_1983_2011&amp;quot;,SPHEROID[&amp;quot;GRS_1980&amp;quot;,6378137.0,298.257222101]],PRIMEM[&amp;quot;Greenwich&amp;quot;,0.0],UNIT[&amp;quot;Degree&amp;quot;,0.0174532925199433]],PROJECTION[&amp;quot;Lambert_Conformal_Conic&amp;quot;],PARAMETER[&amp;quot;False_Easting&amp;quot;,600000.0],PARAMETER[&amp;quot;False_Northing&amp;quot;,0.0],PARAMETER[&amp;quot;Central_Meridian&amp;quot;,-109.5],PARAMETER[&amp;quot;Standard_Parallel_1&amp;quot;,45.0],PARAMETER[&amp;quot;Standard_Parallel_2&amp;quot;,49.0],PARAMETER[&amp;quot;Latitude_Of_Origin&amp;quot;,44.25],UNIT[&amp;quot;Meter&amp;quot;,1.0],AUTHORITY[&amp;quot;EPSG&amp;quot;,6514]]&lt;/WKT&gt;&lt;XOrigin&gt;-35666000&lt;/XOrigin&gt;&lt;YOrigin&gt;-30006900&lt;/YOrigin&gt;&lt;XYScale&gt;124182419.54917815&lt;/XYScale&gt;&lt;ZOrigin&gt;-100000&lt;/ZOrigin&gt;&lt;ZScale&gt;10000&lt;/ZScale&gt;&lt;MOrigin&gt;-100000&lt;/MOrigin&gt;&lt;MScale&gt;10000&lt;/MScale&gt;&lt;XYTolerance&gt;0.001&lt;/XYTolerance&gt;&lt;ZTolerance&gt;0.001&lt;/ZTolerance&gt;&lt;MTolerance&gt;0.001&lt;/MTolerance&gt;&lt;HighPrecision&gt;true&lt;/HighPrecision&gt;&lt;WKID&gt;103093&lt;/WKID&gt;&lt;LatestWKID&gt;6514&lt;/LatestWKID&gt;&lt;/ProjectedCoordinateSystem&gt;</peXml></coordRef><lineage><Process ToolSource="c:\program files\arcgis\pro\Resources\ArcToolbox\toolboxes\Data Management Tools.tbx\CopyMultiple" Date="20230706" Time="111537" Name="" export="">CopyMultiple "\\state.mt.ads\MSL\Share\MSDL\GEOINFO\05-MSDI_DataDev\AdminBoundaries\databaseconnections\ENTMSL0023GEOPRD_geodbo\ENTMSL0023_GEOPRD_AdministrativeBoundaries_geodbo.sde\AdministrativeBoundaries.DBO.BNDY_County FeatureClass" E:\MeghanTemp\scratch.gdb BNDY_County "AdministrativeBoundaries.DBO.BNDY_County FeatureClass BNDY_County #"</Process><Process ToolSource="c:\program files\arcgis\pro\Resources\ArcToolbox\toolboxes\Data Management Tools.tbx\Rename" Date="20230706" Time="111546" Name="" export="">Rename E:\MeghanTemp\scratch.gdb\BNDY_County E:\MeghanTemp\scratch.gdb\House_Aligned FeatureClass</Process><Process ToolSource="c:\program files\arcgis\pro\Resources\ArcToolbox\toolboxes\Data Management Tools.tbx\CopyMultiple" Date="20230706" Time="170538" Name="" export="">CopyMultiple "E:\MeghanTemp\scratch.gdb\House_Aligned FeatureClass" E:\MeghanTemp\scratch.gdb House_Aligned_1 "House_Aligned FeatureClass House_Aligned_1 #"</Process><Process ToolSource="c:\program files\arcgis\pro\Resources\ArcToolbox\toolboxes\Data Management Tools.tbx\Rename" Date="20230706" Time="170555" Name="" export="">Rename E:\MeghanTemp\scratch.gdb\House_Aligned_1 E:\MeghanTemp\scratch.gdb\Senate_Aligned_from_House FeatureClass</Process><Process ToolSource="c:\program files\arcgis\pro\Resources\ArcToolbox\toolboxes\Data Management Tools.tbx\CalculateField" Date="20230707" Time="084237" Name="" export="">CalculateField Senate_Aligned_from_House NAME !NAME!.replace('SD','') "Python 3" # Text NO_ENFORCE_DOMAINS</Process><Process ToolSource="c:\program files\arcgis\pro\Resources\ArcToolbox\toolboxes\Conversion Tools.tbx\FeatureClassToFeatureClass" Date="20230707" Time="084857" Name="" export="">FeatureClassToFeatureClass Senate_Aligned_from_House \\state.mt.ads\MSL\Share\MSDL\GEOINFO\05-MSDI_DataDev\AdminBoundaries\databaseconnections\ENTMSL0023GEOPRD_geodbo\ENTMSL0023_GEOPRD_AdministrativeBoundaries_geodbo.sde BNDY_SenateDistricts_2024 # "Shape_Length "Shape_Length" false true true 8 Double 0 0,First,#,Senate_Aligned_from_House,Senate_Aligned_from_House.Shape_Length,-1,-1;Shape_Area "Shape_Area" false true true 8 Double 0 0,First,#,Senate_Aligned_from_House,Senate_Aligned_from_House.Shape_Area,-1,-1;DistrictNumber "SOS District Number" true true false 10 Text 0 0,First,#,Senate_Aligned_from_House,AdministrativeBoundaries.DBO.BNDY_SenateDistricts.DistrictNumber,0,10;DistrictName "SOS District Name" true true false 75 Text 0 0,First,#,Senate_Aligned_from_House,AdministrativeBoundaries.DBO.BNDY_SenateDistricts.DistrictName,0,75;DistrictCode "SOS District Code" true true false 15 Text 0 0,First,#,Senate_Aligned_from_House,AdministrativeBoundaries.DBO.BNDY_SenateDistricts.DistrictCode,0,15;Notes "Notes" true true false 255 Text 0 0,First,#,Senate_Aligned_from_House,AdministrativeBoundaries.DBO.BNDY_SenateDistricts.Notes,0,255;Source "Source" true true false 50 Text 0 0,First,#,Senate_Aligned_from_House,AdministrativeBoundaries.DBO.BNDY_SenateDistricts.Source,0,50;Metadata "Metadata" true true false 75 Text 0 0,First,#,Senate_Aligned_from_House,AdministrativeBoundaries.DBO.BNDY_SenateDistricts.Metadata,0,75;LastUpdate "Last Updated Date" true true false 8 Date 0 0,First,#,Senate_Aligned_from_House,AdministrativeBoundaries.DBO.BNDY_SenateDistricts.LastUpdate,-1,-1;ID_UK "ID_UK" true true false 75 Text 0 0,First,#,Senate_Aligned_from_House,AdministrativeBoundaries.DBO.BNDY_SenateDistricts.ID_UK,0,75;Senate "SOS Senate District Name" true true false 75 Text 0 0,First,#,Senate_Aligned_from_House,AdministrativeBoundaries.DBO.BNDY_SenateDistricts.Senate,0,75;Acres "Acres" true true false 8 Double 8 38,First,#,Senate_Aligned_from_House,AdministrativeBoundaries.DBO.BNDY_SenateDistricts.Acres,-1,-1" #</Process><Process ToolSource="c:\program files\arcgis\pro\Resources\ArcToolbox\toolboxes\Data Management Tools.tbx\CalculateField" Date="20230707" Time="084918" Name="" export="">CalculateField AdministrativeBoundaries.DBO.BNDY_SenateDistricts_2024 Notes "Aligned to MSDI Counties" "Python 3" # Text NO_ENFORCE_DOMAINS</Process><Process ToolSource="c:\program files\arcgis\pro\Resources\ArcToolbox\toolboxes\Data Management Tools.tbx\CalculateField" Date="20230707" Time="084936" Name="" export="">CalculateField AdministrativeBoundaries.DBO.BNDY_SenateDistricts_2024 LastUpdate "7/7/2023" "Python 3" # Text NO_ENFORCE_DOMAINS</Process><Process ToolSource="c:\program files\arcgis\pro\Resources\ArcToolbox\toolboxes\Data Management Tools.tbx\CalculateGeometryAttributes" Date="20230707" Time="085005" Name="" export="">CalculateGeometryAttributes AdministrativeBoundaries.DBO.BNDY_SenateDistricts_2024 "Acres AREA_GEODESIC" # Acres PROJCS["NAD_1983_2011_StatePlane_Montana_FIPS_2500",GEOGCS["GCS_NAD_1983_2011",DATUM["D_NAD_1983_2011",SPHEROID["GRS_1980",6378137.0,298.257222101]],PRIMEM["Greenwich",0.0],UNIT["Degree",0.0174532925199433]],PROJECTION["Lambert_Conformal_Conic"],PARAMETER["False_Easting",600000.0],PARAMETER["False_Northing",0.0],PARAMETER["Central_Meridian",-109.5],PARAMETER["Standard_Parallel_1",45.0],PARAMETER["Standard_Parallel_2",49.0],PARAMETER["Latitude_Of_Origin",44.25],UNIT["Meter",1.0]] "Same as input"</Process><Process ToolSource="c:\program files\arcgis\pro\Resources\ArcToolbox\toolboxes\Data Management Tools.tbx\UpdateSchema" Date="20230707" Time="085101" Name="" export="">UpdateSchema "CIMDATA=&lt;CIMStandardDataConnection xsi:type='typens:CIMStandardDataConnection' xmlns:xsi='http://www.w3.org/2001/XMLSchema-instance' xmlns:xs='http://www.w3.org/2001/XMLSchema' xmlns:typens='http://www.esri.com/schemas/ArcGIS/2.9.0'&gt;&lt;WorkspaceConnectionString&gt;ENCRYPTED_PASSWORD=00022e685042654f716d4350413246576c663559482f766461612b383957546849536a3266645239634f72664637303d2a00;SERVER=ENTMSL0023;INSTANCE=sde:sqlserver:ENTMSL0023\GEOPRD;DBCLIENT=sqlserver;DB_CONNECTION_PROPERTIES=ENTMSL0023\GEOPRD;DATABASE=AdministrativeBoundaries;USER=geodbo;VERSION=sde.DEFAULT;AUTHENTICATION_MODE=DBMS&lt;/WorkspaceConnectionString&gt;&lt;WorkspaceFactory&gt;SDE&lt;/WorkspaceFactory&gt;&lt;Dataset&gt;AdministrativeBoundaries.DBO.BNDY_SenateDistricts_2024&lt;/Dataset&gt;&lt;DatasetType&gt;esriDTFeatureClass&lt;/DatasetType&gt;&lt;/CIMStandardDataConnection&gt;" &lt;operationSequence&gt;&lt;workflow&gt;&lt;RegisterAsVersioned&gt;&lt;edit_to_base&gt;TRUE&lt;/edit_to_base&gt;&lt;/RegisterAsVersioned&gt;&lt;/workflow&gt;&lt;/operationSequence&gt;</Process><Process Name="Calculate Geometry Attributes" ToolSource="c:\program files\arcgis\pro\Resources\ArcToolbox\toolboxes\Data Management Tools.tbx\CalculateGeometryAttributes" Date="20230731" Time="095908" export="">CalculateGeometryAttributes \\state.mt.ads\MSL\Share\MSDL\GEOINFO\05-MSDI_DataDev\AdminBoundaries\databaseconnections\ENTMSL0023GEOPRD_geodbo\ENTMSL0023_GEOPRD_AdministrativeBoundaries_geodbo.sde\AdministrativeBoundaries.DBO.BNDY_SenateDistricts_2024 "Acres AREA_GEODESIC" # Acres PROJCS["NAD_1983_2011_StatePlane_Montana_FIPS_2500",GEOGCS["GCS_NAD_1983_2011",DATUM["D_NAD_1983_2011",SPHEROID["GRS_1980",6378137.0,298.257222101]],PRIMEM["Greenwich",0.0],UNIT["Degree",0.0174532925199433]],PROJECTION["Lambert_Conformal_Conic"],PARAMETER["False_Easting",600000.0],PARAMETER["False_Northing",0.0],PARAMETER["Central_Meridian",-109.5],PARAMETER["Standard_Parallel_1",45.0],PARAMETER["Standard_Parallel_2",49.0],PARAMETER["Latitude_Of_Origin",44.25],UNIT["Meter",1.0]] "Same as input"</Process><Process Name="Calculate Geometry Attributes" ToolSource="c:\program files\arcgis\pro\Resources\ArcToolbox\toolboxes\Data Management Tools.tbx\CalculateGeometryAttributes" Date="20230822" Time="170447" export="">CalculateGeometryAttributes \\state.mt.ads\MSL\Share\MSDL\GEOINFO\05-MSDI_DataDev\AdminBoundaries\databaseconnections\ENTMSL0023GEOPRD_geodbo\ENTMSL0023_GEOPRD_AdministrativeBoundaries_geodbo.sde\AdministrativeBoundaries.DBO.BNDY_SenateDistricts_2024 "Acres AREA_GEODESIC" # Acres PROJCS["NAD_1983_2011_StatePlane_Montana_FIPS_2500",GEOGCS["GCS_NAD_1983_2011",DATUM["D_NAD_1983_2011",SPHEROID["GRS_1980",6378137.0,298.257222101]],PRIMEM["Greenwich",0.0],UNIT["Degree",0.0174532925199433]],PROJECTION["Lambert_Conformal_Conic"],PARAMETER["False_Easting",600000.0],PARAMETER["False_Northing",0.0],PARAMETER["Central_Meridian",-109.5],PARAMETER["Standard_Parallel_1",45.0],PARAMETER["Standard_Parallel_2",49.0],PARAMETER["Latitude_Of_Origin",44.25],UNIT["Meter",1.0]] "Same as input"</Process><Process Name="Calculate Geometry Attributes" ToolSource="c:\program files\arcgis\pro\Resources\ArcToolbox\toolboxes\Data Management Tools.tbx\CalculateGeometryAttributes" Date="20230823" Time="102253" export="">CalculateGeometryAttributes \\state.mt.ads\MSL\Share\MSDL\GEOINFO\05-MSDI_DataDev\AdminBoundaries\databaseconnections\ENTMSL0023GEOPRD_geodbo\ENTMSL0023_GEOPRD_AdministrativeBoundaries_geodbo.sde\AdministrativeBoundaries.DBO.BNDY_SenateDistricts_2024 "Acres AREA_GEODESIC" # Acres PROJCS["NAD_1983_2011_StatePlane_Montana_FIPS_2500",GEOGCS["GCS_NAD_1983_2011",DATUM["D_NAD_1983_2011",SPHEROID["GRS_1980",6378137.0,298.257222101]],PRIMEM["Greenwich",0.0],UNIT["Degree",0.0174532925199433]],PROJECTION["Lambert_Conformal_Conic"],PARAMETER["False_Easting",600000.0],PARAMETER["False_Northing",0.0],PARAMETER["Central_Meridian",-109.5],PARAMETER["Standard_Parallel_1",45.0],PARAMETER["Standard_Parallel_2",49.0],PARAMETER["Latitude_Of_Origin",44.25],UNIT["Meter",1.0]] "Same as input"</Process><Process Name="Calculate Geometry Attributes" ToolSource="c:\program files\arcgis\pro\Resources\ArcToolbox\toolboxes\Data Management Tools.tbx\CalculateGeometryAttributes" Date="20230912" Time="101217" export="">CalculateGeometryAttributes \\state.mt.ads\MSL\Share\MSDL\GEOINFO\05-MSDI_DataDev\AdminBoundaries\databaseconnections\ENTMSL0023GEOPRD_geodbo\ENTMSL0023_GEOPRD_AdministrativeBoundaries_geodbo.sde\AdministrativeBoundaries.DBO.BNDY_SenateDistricts_2024 "Acres AREA_GEODESIC" # Acres PROJCS["NAD_1983_2011_StatePlane_Montana_FIPS_2500",GEOGCS["GCS_NAD_1983_2011",DATUM["D_NAD_1983_2011",SPHEROID["GRS_1980",6378137.0,298.257222101]],PRIMEM["Greenwich",0.0],UNIT["Degree",0.0174532925199433]],PROJECTION["Lambert_Conformal_Conic"],PARAMETER["False_Easting",600000.0],PARAMETER["False_Northing",0.0],PARAMETER["Central_Meridian",-109.5],PARAMETER["Standard_Parallel_1",45.0],PARAMETER["Standard_Parallel_2",49.0],PARAMETER["Latitude_Of_Origin",44.25],UNIT["Meter",1.0]] "Same as input"</Process><Process ToolSource="c:\program files (x86)\arcgis\desktop10.7\ArcToolbox\Toolboxes\Data Management Tools.tbx\Project" Date="20240130" Time="162001">Project D:\Scratch\ToPublish.gdb\BNDY_SenateDistricts D:\Publish\Boundaries.gdb\SenateDistricts PROJCS['WGS_1984_Web_Mercator_Auxiliary_Sphere',GEOGCS['GCS_WGS_1984',DATUM['D_WGS_1984',SPHEROID['WGS_1984',6378137.0,298.257223563]],PRIMEM['Greenwich',0.0],UNIT['Degree',0.0174532925199433]],PROJECTION['Mercator_Auxiliary_Sphere'],PARAMETER['False_Easting',0.0],PARAMETER['False_Northing',0.0],PARAMETER['Central_Meridian',0.0],PARAMETER['Standard_Parallel_1',0.0],PARAMETER['Auxiliary_Sphere_Type',0.0],UNIT['Meter',1.0]] WGS_1984_(ITRF08)_To_NAD_1983_2011 PROJCS['NAD_1983_2011_StatePlane_Montana_FIPS_2500',GEOGCS['GCS_NAD_1983_2011',DATUM['D_NAD_1983_2011',SPHEROID['GRS_1980',6378137.0,298.257222101]],PRIMEM['Greenwich',0.0],UNIT['Degree',0.0174532925199433]],PROJECTION['Lambert_Conformal_Conic'],PARAMETER['False_Easting',600000.0],PARAMETER['False_Northing',0.0],PARAMETER['Central_Meridian',-109.5],PARAMETER['Standard_Parallel_1',45.0],PARAMETER['Standard_Parallel_2',49.0],PARAMETER['Latitude_Of_Origin',44.25],UNIT['Meter',1.0]] NO_PRESERVE_SHAPE # NO_VERTICAL</Process><Process ToolSource="c:\program files (x86)\arcgis\desktop10.7\ArcToolbox\Toolboxes\Data Management Tools.tbx\Project" Date="20240130" Time="162004">Project D:\Publish\Boundaries.gdb\\SenateDistricts D:\\Publish\MontanaLegislativeDistricts.gdb\MontanaSenateDistricts PROJCS['NAD_1983_2011_StatePlane_Montana_FIPS_2500',GEOGCS['GCS_NAD_1983_2011',DATUM['D_NAD_1983_2011',SPHEROID['GRS_1980',6378137.0,298.257222101]],PRIMEM['Greenwich',0.0],UNIT['Degree',0.0174532925199433]],PROJECTION['Lambert_Conformal_Conic'],PARAMETER['False_Easting',600000.0],PARAMETER['False_Northing',0.0],PARAMETER['Central_Meridian',-109.5],PARAMETER['Standard_Parallel_1',45.0],PARAMETER['Standard_Parallel_2',49.0],PARAMETER['Latitude_Of_Origin',44.25],UNIT['Meter',1.0]] WGS_1984_(ITRF08)_To_NAD_1983_2011 PROJCS['WGS_1984_Web_Mercator_Auxiliary_Sphere',GEOGCS['GCS_WGS_1984',DATUM['D_WGS_1984',SPHEROID['WGS_1984',6378137.0,298.257223563]],PRIMEM['Greenwich',0.0],UNIT['Degree',0.0174532925199433]],PROJECTION['Mercator_Auxiliary_Sphere'],PARAMETER['False_Easting',0.0],PARAMETER['False_Northing',0.0],PARAMETER['Central_Meridian',0.0],PARAMETER['Standard_Parallel_1',0.0],PARAMETER['Auxiliary_Sphere_Type',0.0],UNIT['Meter',1.0]] NO_PRESERVE_SHAPE # NO_VERTICAL</Process><Process ToolSource="c:\program files (x86)\arcgis\desktop10.7\ArcToolbox\Toolboxes\Data Management Tools.tbx\CopyFeatures" Date="20240130" Time="162004">CopyFeatures D:\\Publish\MontanaLegislativeDistricts.gdb\MontanaSenateDistricts D:\\Publish\\MontanaLegislativeDistricts_shp\MontanaSenateDistricts.shp # 0 0 0</Process></lineage></DataProperties><SyncDate>20240130</SyncDate><SyncTime>16200400</SyncTime><ModDate>20240130</ModDate><ModTime>16200400</ModTime><ArcGISProfile>FGDC</ArcGISProfile><scaleRange><minScale>150000000</minScale><maxScale>5000</maxScale></scaleRange></Esri><mdLang><languageCode value="eng" Sync="TRUE"/><countryCode value="USA" Sync="TRUE"/></mdLang><mdChar><CharSetCd value="004"/></mdChar><mdHrLv><ScopeCd value="005" Sync="TRUE"/></mdHrLv><mdHrLvName Sync="TRUE">dataset</mdHrLvName><mdDateSt Sync="FALSE">20240130</mdDateSt><distInfo><distFormat><formatName Sync="TRUE">Shapefile</formatName></distFormat><distTranOps><transSize Sync="TRUE">0.000</transSize></distTranOps></distInfo><dataIdInfo><envirDesc Sync="TRUE"> Version 6.2 (Build 9200) ; Esri ArcGIS 10.7.1.11595</envirDesc><dataLang><languageCode value="eng" Sync="TRUE"/><countryCode value="USA" Sync="TRUE"/></dataLang><idCitation xmlns=""><resTitle Sync="FALSE">Montana Senate Districts, 2024-2032</resTitle><presForm xmlns=""><PresFormCd value="005" Sync="TRUE"/></presForm><date><pubDate>2024-01-30T00:00:00</pubDate></date></idCitation><spatRpType><SpatRepTypCd value="001" Sync="TRUE"/></spatRpType><dataExt xmlns=""><geoEle xmlns=""><GeoBndBox esriExtentType="search"><exTypeCode Sync="TRUE">1</exTypeCode><westBL Sync="TRUE">-116.178573</westBL><eastBL Sync="TRUE">-103.611128</eastBL><northBL Sync="TRUE">49.180869</northBL><southBL Sync="TRUE">44.237721</southBL></GeoBndBox></geoEle><exDesc>Published</exDesc><tempEle><TempExtent><exTemp><TM_Instant><tmPosition>2024-01-30T00:00:00</tmPosition></TM_Instant></exTemp></TempExtent></tempEle></dataExt><idPurp>Montana 2024-2032 Legislative Districts. </idPurp><searchKeys><keyword>Montana Senate Districts</keyword><keyword>Legislative Districts</keyword><keyword>Senate</keyword></searchKeys><idAbs>&lt;DIV STYLE="text-align:Left;"&gt;&lt;DIV&gt;&lt;DIV&gt;&lt;P&gt;&lt;SPAN&gt;The final legislative redistricting plan, including 100 House districts and 50 Senate districts, was adopted on February 23, 2023. Montana Senate Districts aligned to the MSDI County Boundaries&lt;/SPAN&gt;&lt;/P&gt;&lt;/DIV&gt;&lt;/DIV&gt;&lt;/DIV&gt;</idAbs><idCredit>Montana Districting and Apportionment Commission</idCredit><dataChar><CharSetCd value="004"/></dataChar></dataIdInfo><spatRepInfo><VectSpatRep><geometObjs Name="MontanaSenateDistricts"><geoObjTyp><GeoObjTypCd value="002" Sync="TRUE"></GeoObjTypCd></geoObjTyp><geoObjCnt Sync="TRUE">0</geoObjCnt></geometObjs><topLvl><TopoLevCd value="001" Sync="TRUE"></TopoLevCd></topLvl></VectSpatRep></spatRepInfo><refSysInfo><RefSystem><refSysID><identCode code="6514" Sync="TRUE"/><idCodeSpace Sync="TRUE">EPSG</idCodeSpace><idVersion Sync="TRUE">8.2.10(10.3.1)</idVersion></refSysID></RefSystem></refSysInfo><eainfo><detailed Name="MontanaSenateDistricts"><enttyp><enttypl Sync="TRUE">MontanaSenateDistricts</enttypl><enttypt Sync="TRUE">Feature Class</enttypt><enttypc Sync="TRUE">0</enttypc></enttyp><attr><attrlabl Sync="TRUE">FID</attrlabl><attalias Sync="TRUE">FID</attalias><attrtype Sync="TRUE">OID</attrtype><attwidth Sync="TRUE">4</attwidth><atprecis Sync="TRUE">0</atprecis><attscale Sync="TRUE">0</attscale><attrdef Sync="TRUE">Internal feature number.</attrdef><attrdefs Sync="TRUE">Esri</attrdefs><attrdomv><udom Sync="TRUE">Sequential unique whole numbers that are automatically generated.</udom></attrdomv></attr><attr><attrlabl Sync="TRUE">Notes</attrlabl><attalias Sync="TRUE">Notes</attalias><attrtype Sync="TRUE">String</attrtype><attwidth Sync="TRUE">254</attwidth><atprecis Sync="TRUE">0</atprecis><attscale Sync="TRUE">0</attscale></attr><attr><attrlabl Sync="TRUE">DistrictNu</attrlabl><attalias Sync="TRUE">DistrictNu</attalias><attrtype Sync="TRUE">String</attrtype><attwidth Sync="TRUE">10</attwidth><atprecis Sync="TRUE">0</atprecis><attscale Sync="TRUE">0</attscale></attr><attr><attrlabl Sync="TRUE">DistrictNa</attrlabl><attalias Sync="TRUE">DistrictNa</attalias><attrtype Sync="TRUE">String</attrtype><attwidth Sync="TRUE">75</attwidth><atprecis Sync="TRUE">0</atprecis><attscale Sync="TRUE">0</attscale></attr><attr><attrlabl Sync="TRUE">DistrictCo</attrlabl><attalias Sync="TRUE">DistrictCo</attalias><attrtype Sync="TRUE">String</attrtype><attwidth Sync="TRUE">15</attwidth><atprecis Sync="TRUE">0</atprecis><attscale Sync="TRUE">0</attscale></attr><attr><attrlabl Sync="TRUE">Source</attrlabl><attalias Sync="TRUE">Source</attalias><attrtype Sync="TRUE">String</attrtype><attwidth Sync="TRUE">50</attwidth><atprecis Sync="TRUE">0</atprecis><attscale Sync="TRUE">0</attscale></attr><attr><attrlabl Sync="TRUE">Metadata</attrlabl><attalias Sync="TRUE">Metadata</attalias><attrtype Sync="TRUE">String</attrtype><attwidth Sync="TRUE">75</attwidth><atprecis Sync="TRUE">0</atprecis><attscale Sync="TRUE">0</attscale></attr><attr><attrlabl Sync="TRUE">LastUpdate</attrlabl><attalias Sync="TRUE">LastUpdate</attalias><attrtype Sync="TRUE">Date</attrtype><attwidth Sync="TRUE">8</attwidth><atprecis Sync="TRUE">0</atprecis><attscale Sync="TRUE">0</attscale></attr><attr><attrlabl Sync="TRUE">ID_UK</attrlabl><attalias Sync="TRUE">ID_UK</attalias><attrtype Sync="TRUE">String</attrtype><attwidth Sync="TRUE">75</attwidth><atprecis Sync="TRUE">0</atprecis><attscale Sync="TRUE">0</attscale></attr><attr><attrlabl Sync="TRUE">SHAPE</attrlabl><attalias Sync="TRUE">Shape</attalias><attrtype Sync="TRUE">Geometry</attrtype><attwidth Sync="TRUE">0</attwidth><atprecis Sync="TRUE">0</atprecis><attscale Sync="TRUE">0</attscale><attrdef Sync="TRUE">Feature geometry.</attrdef><attrdefs Sync="TRUE">Esri</attrdefs><attrdomv><udom Sync="TRUE">Coordinates defining the features.</udom></attrdomv></attr><attr><attrlabl Sync="TRUE">Acres</attrlabl><attalias Sync="TRUE">Acres</attalias><attrtype Sync="TRUE">Double</attrtype><attwidth Sync="TRUE">19</attwidth><atprecis Sync="TRUE">0</atprecis><attscale Sync="TRUE">0</attscale></attr><attr><attrlabl Sync="TRUE">Senate</attrlabl><attalias Sync="TRUE">Senate</attalias><attrtype Sync="TRUE">String</attrtype><attwidth Sync="TRUE">75</attwidth><atprecis Sync="TRUE">0</atprecis><attscale Sync="TRUE">0</attscale></attr><attr><attrlabl Sync="TRUE">Shape_Leng</attrlabl><attalias Sync="TRUE">Shape_Leng</attalias><attrtype Sync="TRUE">Double</attrtype><attwidth Sync="TRUE">19</attwidth><atprecis Sync="TRUE">0</atprecis><attscale Sync="TRUE">0</attscale></attr><attr><attrlabl Sync="TRUE">Shape_Area</attrlabl><attalias Sync="TRUE">Shape_Area</attalias><attrtype Sync="TRUE">Double</attrtype><attwidth Sync="TRUE">19</attwidth><atprecis Sync="TRUE">0</atprecis><attscale Sync="TRUE">0</attscale><attrdef Sync="TRUE">Area of feature in internal units squared.</attrdef><attrdefs Sync="TRUE">Esri</attrdefs><attrdomv><udom Sync="TRUE">Positive real numbers that are automatically generated.</udom></attrdomv></attr></detailed></eainfo><spdoinfo><ptvctinf><esriterm Name="MontanaSenateDistricts"><efeatyp Sync="TRUE">Simple</efeatyp><efeageom code="4" Sync="TRUE"></efeageom><esritopo Sync="TRUE">FALSE</esritopo><efeacnt Sync="TRUE">0</efeacnt><spindex Sync="TRUE">FALSE</spindex><linrefer Sync="TRUE">FALSE</linrefer></esriterm></ptvctinf></spdoinfo></metadata>
