<metadata xml:lang="en"><Esri><CreaDate>20210701</CreaDate><CreaTime>10193200</CreaTime><ArcGISFormat>1.0</ArcGISFormat><ArcGISstyle>FGDC CSDGM Metadata</ArcGISstyle><SyncOnce>FALSE</SyncOnce><DataProperties><itemProps><itemName Sync="TRUE">County</itemName><nativeExtBox><westBL Sync="TRUE">111848.441300</westBL><eastBL Sync="TRUE">1030197.813000</eastBL><southBL Sync="TRUE">17695.301400</southBL><northBL Sync="TRUE">547983.567300</northBL><exTypeCode Sync="TRUE">1</exTypeCode></nativeExtBox><itemLocation><linkage Sync="TRUE">file://\\MSLGEOINFO2833\D$\Publish\MontanaCounties_shp\County.shp</linkage><protocol Sync="TRUE">Local Area Network</protocol></itemLocation><imsContentType Sync="TRUE">002</imsContentType><itemSize Sync="TRUE">0.000</itemSize></itemProps><coordRef><type Sync="TRUE">Projected</type><geogcsn Sync="TRUE">GCS_NAD_1983_2011</geogcsn><csUnits Sync="TRUE">Linear Unit: Meter (1.000000)</csUnits><projcsn Sync="TRUE">NAD_1983_2011_StatePlane_Montana_FIPS_2500</projcsn><peXml Sync="TRUE">&lt;ProjectedCoordinateSystem xsi:type='typens:ProjectedCoordinateSystem' xmlns:xsi='http://www.w3.org/2001/XMLSchema-instance' xmlns:xs='http://www.w3.org/2001/XMLSchema' xmlns:typens='http://www.esri.com/schemas/ArcGIS/10.7'&gt;&lt;WKT&gt;PROJCS[&amp;quot;NAD_1983_2011_StatePlane_Montana_FIPS_2500&amp;quot;,GEOGCS[&amp;quot;GCS_NAD_1983_2011&amp;quot;,DATUM[&amp;quot;D_NAD_1983_2011&amp;quot;,SPHEROID[&amp;quot;GRS_1980&amp;quot;,6378137.0,298.257222101]],PRIMEM[&amp;quot;Greenwich&amp;quot;,0.0],UNIT[&amp;quot;Degree&amp;quot;,0.0174532925199433]],PROJECTION[&amp;quot;Lambert_Conformal_Conic&amp;quot;],PARAMETER[&amp;quot;False_Easting&amp;quot;,600000.0],PARAMETER[&amp;quot;False_Northing&amp;quot;,0.0],PARAMETER[&amp;quot;Central_Meridian&amp;quot;,-109.5],PARAMETER[&amp;quot;Standard_Parallel_1&amp;quot;,45.0],PARAMETER[&amp;quot;Standard_Parallel_2&amp;quot;,49.0],PARAMETER[&amp;quot;Latitude_Of_Origin&amp;quot;,44.25],UNIT[&amp;quot;Meter&amp;quot;,1.0],AUTHORITY[&amp;quot;EPSG&amp;quot;,6514]]&lt;/WKT&gt;&lt;XOrigin&gt;-35666000&lt;/XOrigin&gt;&lt;YOrigin&gt;-30006900&lt;/YOrigin&gt;&lt;XYScale&gt;124182419.54917815&lt;/XYScale&gt;&lt;ZOrigin&gt;-100000&lt;/ZOrigin&gt;&lt;ZScale&gt;10000&lt;/ZScale&gt;&lt;MOrigin&gt;-100000&lt;/MOrigin&gt;&lt;MScale&gt;10000&lt;/MScale&gt;&lt;XYTolerance&gt;0.001&lt;/XYTolerance&gt;&lt;ZTolerance&gt;0.001&lt;/ZTolerance&gt;&lt;MTolerance&gt;0.001&lt;/MTolerance&gt;&lt;HighPrecision&gt;true&lt;/HighPrecision&gt;&lt;WKID&gt;103093&lt;/WKID&gt;&lt;LatestWKID&gt;6514&lt;/LatestWKID&gt;&lt;/ProjectedCoordinateSystem&gt;</peXml></coordRef><lineage><Process ToolSource="c:\program files (x86)\arcgis\desktop10.7\ArcToolbox\Toolboxes\Data Management Tools.tbx\Project" Date="20210701" Time="101926">Project D:\Scratch\Boundaries2021_Adj.gdb\BNDY_County D:\Publish\Boundaries.gdb\County PROJCS['WGS_1984_Web_Mercator_Auxiliary_Sphere',GEOGCS['GCS_WGS_1984',DATUM['D_WGS_1984',SPHEROID['WGS_1984',6378137.0,298.257223563]],PRIMEM['Greenwich',0.0],UNIT['Degree',0.0174532925199433]],PROJECTION['Mercator_Auxiliary_Sphere'],PARAMETER['False_Easting',0.0],PARAMETER['False_Northing',0.0],PARAMETER['Central_Meridian',0.0],PARAMETER['Standard_Parallel_1',0.0],PARAMETER['Auxiliary_Sphere_Type',0.0],UNIT['Meter',1.0]] WGS_1984_(ITRF08)_To_NAD_1983_2011 PROJCS['NAD_1983_2011_StatePlane_Montana_FIPS_2500',GEOGCS['GCS_NAD_1983_2011',DATUM['D_NAD_1983_2011',SPHEROID['GRS_1980',6378137.0,298.257222101]],PRIMEM['Greenwich',0.0],UNIT['Degree',0.0174532925199433]],PROJECTION['Lambert_Conformal_Conic'],PARAMETER['False_Easting',600000.0],PARAMETER['False_Northing',0.0],PARAMETER['Central_Meridian',-109.5],PARAMETER['Standard_Parallel_1',45.0],PARAMETER['Standard_Parallel_2',49.0],PARAMETER['Latitude_Of_Origin',44.25],UNIT['Meter',1.0]] NO_PRESERVE_SHAPE # NO_VERTICAL</Process><Process ToolSource="c:\program files (x86)\arcgis\desktop10.7\ArcToolbox\Toolboxes\Data Management Tools.tbx\DeleteField" Date="20210701" Time="101926">DeleteField D:\Publish\Boundaries.gdb\\County ORIG_FID</Process><Process ToolSource="c:\program files (x86)\arcgis\desktop10.7\ArcToolbox\Toolboxes\Data Management Tools.tbx\CalculateField" Date="20210701" Time="101928">CalculateField D:\Publish\Boundaries.gdb\\County SQMILES !shape.geodesicarea@squaremiles! PYTHON_9.3 #</Process><Process ToolSource="c:\program files (x86)\arcgis\desktop10.7\ArcToolbox\Toolboxes\Data Management Tools.tbx\CalculateField" Date="20210701" Time="101929">CalculateField D:\Publish\Boundaries.gdb\\County PERIMETER !shape.geodesiclength@miles! PYTHON_9.3 #</Process><Process ToolSource="c:\program files (x86)\arcgis\desktop10.7\ArcToolbox\Toolboxes\Data Management Tools.tbx\CalculateField" Date="20210701" Time="101930">CalculateField D:\Publish\Boundaries.gdb\\County ACRES !shape.geodesicarea@acres! PYTHON_9.3 #</Process><Process ToolSource="c:\program files (x86)\arcgis\desktop10.7\ArcToolbox\Toolboxes\Data Management Tools.tbx\Project" Date="20210701" Time="101932">Project D:\Publish\Boundaries.gdb\\County D:\\Publish\\MontanaCounties.gdb\Boundaries\County PROJCS['NAD_1983_2011_StatePlane_Montana_FIPS_2500',GEOGCS['GCS_NAD_1983_2011',DATUM['D_NAD_1983_2011',SPHEROID['GRS_1980',6378137.0,298.257222101]],PRIMEM['Greenwich',0.0],UNIT['Degree',0.0174532925199433]],PROJECTION['Lambert_Conformal_Conic'],PARAMETER['False_Easting',600000.0],PARAMETER['False_Northing',0.0],PARAMETER['Central_Meridian',-109.5],PARAMETER['Standard_Parallel_1',45.0],PARAMETER['Standard_Parallel_2',49.0],PARAMETER['Latitude_Of_Origin',44.25],UNIT['Meter',1.0]] WGS_1984_(ITRF08)_To_NAD_1983_2011 PROJCS['WGS_1984_Web_Mercator_Auxiliary_Sphere',GEOGCS['GCS_WGS_1984',DATUM['D_WGS_1984',SPHEROID['WGS_1984',6378137.0,298.257223563]],PRIMEM['Greenwich',0.0],UNIT['Degree',0.0174532925199433]],PROJECTION['Mercator_Auxiliary_Sphere'],PARAMETER['False_Easting',0.0],PARAMETER['False_Northing',0.0],PARAMETER['Central_Meridian',0.0],PARAMETER['Standard_Parallel_1',0.0],PARAMETER['Auxiliary_Sphere_Type',0.0],UNIT['Meter',1.0]] NO_PRESERVE_SHAPE # NO_VERTICAL</Process><Process ToolSource="c:\program files (x86)\arcgis\desktop10.7\ArcToolbox\Toolboxes\Data Management Tools.tbx\CalculateField" Date="20210701" Time="101934">CalculateField D:\\Publish\\MontanaCounties.gdb\Boundaries\County SQMILES !shape.geodesicarea@squaremiles! PYTHON_9.3 #</Process><Process ToolSource="c:\program files (x86)\arcgis\desktop10.7\ArcToolbox\Toolboxes\Data Management Tools.tbx\CalculateField" Date="20210701" Time="101935">CalculateField D:\\Publish\\MontanaCounties.gdb\Boundaries\County PERIMETER !shape.geodesiclength@miles! PYTHON_9.3 #</Process><Process ToolSource="c:\program files (x86)\arcgis\desktop10.7\ArcToolbox\Toolboxes\Data Management Tools.tbx\CalculateField" Date="20210701" Time="101936">CalculateField D:\\Publish\\MontanaCounties.gdb\Boundaries\County ACRES !shape.geodesicarea@acres! PYTHON_9.3 #</Process><Process ToolSource="c:\program files (x86)\arcgis\desktop10.7\ArcToolbox\Toolboxes\Data Management Tools.tbx\CopyFeatures" Date="20210701" Time="101940">CopyFeatures D:\\Publish\\MontanaCounties.gdb\Boundaries\County D:\\Publish\\MontanaCounties_shp\County.shp # 0 0 0</Process></lineage></DataProperties><SyncDate>20210701</SyncDate><SyncTime>10194000</SyncTime><ModDate>20210701</ModDate><ModTime>10194000</ModTime><ArcGISProfile>FGDC</ArcGISProfile><scaleRange><minScale>50000</minScale><maxScale>5000</maxScale></scaleRange></Esri><mdLang><languageCode value="eng"/><countryCode value="USA" Sync="TRUE"/></mdLang><mdChar><CharSetCd value="004"/></mdChar><mdHrLv><ScopeCd value="005"/></mdHrLv><mdContact><rpOrgName>Montana State Library</rpOrgName><rpPosName>Adminsitrative Boundaries Framework Data Coordinator</rpPosName><rpCntInfo><cntPhone><voiceNum>406-444-5354</voiceNum><voiceNum tddtty="True">406-444-4799</voiceNum><faxNum>406-444-0266</faxNum></cntPhone><cntAddress addressType="postal"><delPoint>P.O. Box 201800</delPoint><city>Helena</city><adminArea>MT</adminArea><postCode>59620</postCode><eMailAdd>geoinfo@mt.gov</eMailAdd></cntAddress><cntHours>8-5</cntHours></rpCntInfo><role><RoleCd value="007"/></role></mdContact><mdDateSt Sync="FALSE">20210625</mdDateSt><mdStanName>ArcGIS Metadata</mdStanName><mdStanVer>1.0</mdStanVer><distInfo><distributor><distorCont><rpOrgName>Montana State Library</rpOrgName><rpCntInfo><cntPhone><voiceNum tddtty="">406-444-5354</voiceNum><voiceNum tddtty="True">(406) 444-4799</voiceNum><faxNum>406-444-0266</faxNum></cntPhone><cntAddress addressType="postal"><delPoint>P.O. Box 201800</delPoint><city>Helena</city><adminArea>MT</adminArea><postCode>59620-0113</postCode><eMailAdd>geoinfo@mt.gov</eMailAdd></cntAddress><cntHours>8-5</cntHours></rpCntInfo><role><RoleCd value="005"/></role></distorCont><distorFormat><formatName>ESRI File Geodatabase</formatName></distorFormat><distorTran><onLineSrc><linkage>http://ftp.geoinfo.msl.mt.gov/Data/Spatial/MSDI/AdministrativeBoundaries/</linkage></onLineSrc></distorTran><distorTran><onLineSrc><orDesc>downloadable data</orDesc></onLineSrc></distorTran></distributor><distTranOps><onLineSrc><linkage>http://ftp.geoinfo.msl.mt.gov/Data/Spatial/MSDI/AdministrativeBoundaries/</linkage></onLineSrc><transSize Sync="TRUE">0.000</transSize></distTranOps><distFormat><formatName Sync="TRUE">Shapefile</formatName></distFormat></distInfo><dataIdInfo><idCitation><resTitle Sync="FALSE">Montana County Boundaries</resTitle><date><pubDate>2021-06-25T00:00:00</pubDate></date><citRespParty><rpOrgName>Montana State Library</rpOrgName><role><RoleCd value="006"/></role></citRespParty><citRespParty><rpOrgName>Montana State Library</rpOrgName><rpCntInfo><cntAddress><delPoint>Helena, Montana</delPoint></cntAddress></rpCntInfo><role><RoleCd value="010"/></role></citRespParty><collTitle>Montana Administrative Boundaries ArcGIS Server Map Service</collTitle><presForm><PresFormCd value="005" Sync="TRUE"/></presForm></idCitation><idAbs>&lt;DIV STYLE="text-align:Left;"&gt;&lt;DIV&gt;&lt;DIV&gt;&lt;P&gt;&lt;SPAN&gt;Database of Montana Counties created to be coincident with the Montana Cadastral Parcel Boundaries. Where county boundaries are coincident with public land survey section lines, they were copied from the BLM's Geographic Coordinate Database (GCDB). If boundaries were not coincident with GCDB lines, they were digitized on screen from 1:24,000 scale Geological Survey Digital Raster Graphics (DRGs). County Boundaries will change as the GCDB is adjusted by the BLM and those data are imported into the Cadastral Data Model.&lt;/SPAN&gt;&lt;/P&gt;&lt;/DIV&gt;&lt;/DIV&gt;&lt;/DIV&gt;</idAbs><idPurp>County boundaries coincident with GCDB and Cadastral parcel data.</idPurp><idCredit>US Bureau of Land Management, Geographic Coordinate Database, US Geological Survey 1:24,000 Digital Raster Graphics</idCredit><idStatus><ProgCd value="001"/></idStatus><idPoC><rpOrgName>Montana State Library</rpOrgName><rpCntInfo><cntPhone><voiceNum tddtty="">406-444-5354</voiceNum><voiceNum tddtty="True">(406) 444-4799</voiceNum><faxNum>406-444-0266</faxNum></cntPhone><cntAddress addressType="postal"><delPoint>P.O. Box 201800</delPoint><city>Helena</city><adminArea>Montana</adminArea><postCode>59620</postCode><country>US</country><eMailAdd>geoinfo@mt.gov</eMailAdd></cntAddress><cntHours>8-5</cntHours></rpCntInfo><role><RoleCd value="007"/></role></idPoC><resMaint><maintFreq><MaintFreqCd value="009"/></maintFreq></resMaint><placeKeys><keyword>Montana</keyword></placeKeys><themeKeys><thesaName><resTitle>ISO 19115 Topic Category</resTitle></thesaName><keyword>boundaries</keyword></themeKeys><themeKeys><keyword>counties</keyword><keyword>montana county boundaries</keyword><keyword>Montana Spatial Data Infrastructure</keyword><keyword>Montana county boundary</keyword><keyword>county boundary</keyword><keyword>governmental units</keyword><keyword>county</keyword><keyword>MSDI</keyword><keyword>Administrative Boundaries Framework</keyword><keyword>county lines</keyword><keyword>Montana Administrative Boundaries</keyword><keyword>MSDI_ABF</keyword><keyword>Montana counties</keyword></themeKeys><searchKeys><keyword>counties</keyword><keyword>montana county boundaries</keyword><keyword>Montana Spatial Data Infrastructure</keyword><keyword>Montana county boundary</keyword><keyword>county boundary</keyword><keyword>governmental units</keyword><keyword>county</keyword><keyword>MSDI</keyword><keyword>Administrative Boundaries Framework</keyword><keyword>boundaries</keyword><keyword>Montana</keyword><keyword>county lines</keyword><keyword>Montana Administrative Boundaries</keyword><keyword>MSDI_ABF</keyword><keyword>Montana counties</keyword></searchKeys><resConst><LegConsts><useLimit>This is not a survey product. No liability is assumed by the State of Montana for the use of this product</useLimit></LegConsts></resConst><resConst><Consts><useLimit>&lt;DIV STYLE="text-align:Left;"&gt;&lt;DIV&gt;&lt;DIV&gt;&lt;P&gt;&lt;SPAN&gt;County data is best used in conjunction with the GCDB, or other data based on GCDB. DISCLAIMER: The Montana State Library Geographic Information Services provides this product/service for informational purposes only. The Library did not produce it for, nor is it suitable for legal, engineering, or surveying purposes. Consumers of this information should review or consult the primary data and information sources to ascertain the viability of the information for their purposes. The Library provides these data in good faith but does not represent or warrant its accuracy, adequacy, or completeness. In no event shall the Library be liable for any incorrect results or analysis; any direct, indirect, special, or consequential damages to any party; or any lost profits arising out of or in connection with the use or the inability to use the data or the services provided. The Library makes these data and services available as a convenience to the public, and for no other purpose. The Library reserves the right to change or revise published data and/or services at any time.&lt;/SPAN&gt;&lt;/P&gt;&lt;/DIV&gt;&lt;/DIV&gt;&lt;/DIV&gt;</useLimit></Consts></resConst><aggrInfo><aggrDSName><resTitle>Montana Administrative Boundaries ArcGIS Server Map Service</resTitle><citOnlineRes><linkage>https://mslservices.mt.gov/Geographic_Information/Data/DataList/datalist_Details.aspx?did={a43101d4-295a-4bcb-890c-3218abbda60e}</linkage></citOnlineRes></aggrDSName><assocType><AscTypeCd value="002"/></assocType></aggrInfo><spatRpType><SpatRepTypCd value="001"/></spatRpType><dataLang><languageCode value="eng"/><countryCode value="USA" Sync="TRUE"/></dataLang><dataExt><exDesc>publication date</exDesc><tempEle><TempExtent><exTemp><TM_Instant><tmPosition>2021-06-25T00:00:00</tmPosition></TM_Instant></exTemp></TempExtent></tempEle></dataExt><dataExt><geoEle><GeoBndBox><westBL>-116.178571</westBL><eastBL>-103.611177</eastBL><southBL>44.23772</southBL><northBL>49.180871</northBL></GeoBndBox></geoEle></dataExt><envirDesc Sync="TRUE"> Version 6.2 (Build 9200) ; Esri ArcGIS 10.7.1.11595</envirDesc><dataExt><geoEle><GeoBndBox esriExtentType="search"><exTypeCode Sync="TRUE">1</exTypeCode><westBL Sync="TRUE">-116.178573</westBL><eastBL Sync="TRUE">-103.611128</eastBL><northBL Sync="TRUE">49.180870</northBL><southBL Sync="TRUE">44.237721</southBL></GeoBndBox></geoEle></dataExt><dataChar><CharSetCd value="004"/></dataChar><tpCat><TopicCatCd value="017"/></tpCat><tpCat><TopicCatCd value="003"/></tpCat></dataIdInfo><dqInfo><dqScope><scpLvl><ScopeCd value="005"/></scpLvl></dqScope><report type="DQCompOm" dimension=""><measDesc>Complete as of 12/06/17</measDesc></report><report type="DQAbsExtPosAcc" dimension="horizontal"><measDesc>Varies on GCDB accuracy</measDesc></report><dataLineage><prcStep><stepDesc>County boundaries when coincident with the PLSS were copied from original GCDB data downloaded from the Montana State BLM Office. Based on recent observations, this GCDB data varies somewhat from what is available at the Denver GCDB LSIS site and BLM needs to coordinate to ensure one standard version of GCDB. The boundaries that are not coincident with PLSS, rivers and other topographic features, were on screen digitized from the USGS raster graphics. Discrepancies were researched when encountered, however this is not meant to represent a legal survey of Montana county boundaries</stepDesc><stepDateTm>2002-20-03</stepDateTm></prcStep><dataSource type=""><srcDesc>County lines that do not follow Public Land Survey lines were screen-digitized from these images.</srcDesc><srcMedName><MedNameCd value="015"/></srcMedName><srcScale><rfDenom>24000</rfDenom></srcScale><srcCitatn><resTitle>1:24,000 scale Digital Raster Graphics</resTitle><citRespParty><rpOrgName>Montana State Library</rpOrgName><rpCntInfo><cntAddress><delPoint>Helena, MT</delPoint></cntAddress></rpCntInfo><role><RoleCd value="010"/></role></citRespParty><citRespParty><rpOrgName>U.S. Geological Survey</rpOrgName><role><RoleCd value="006"/></role></citRespParty><citOnlineRes><linkage>http://ftp.geoinfo.msl.mt.gov/Data/Spatial/MSDI/AdministrativeBoundaries/</linkage></citOnlineRes></srcCitatn></dataSource><dataSource type=""><srcDesc>This is the source of all county lines that follow Public Land Survey lines.</srcDesc><srcMedName><MedNameCd value="015"/></srcMedName><srcCitatn><resTitle>Geographic Coordinate Database</resTitle><citRespParty><rpOrgName>U.S. Bureau of Land Management, Montana/Dakotas Cadastral Survey</rpOrgName><rpCntInfo><cntAddress><delPoint>Billings, MT</delPoint></cntAddress></rpCntInfo><role><RoleCd value="010"/></role></citRespParty><citRespParty><rpOrgName>U.S. Bureau of Land Management</rpOrgName><role><RoleCd value="006"/></role></citRespParty><citOnlineRes><linkage>http://www.mt.blm.gov/cadastral/gcdb/index.html</linkage></citOnlineRes></srcCitatn></dataSource><prcStep><stepDesc>Adjusted county boundaries to the July 2015 CadNSDI Montana (PLSS)</stepDesc><stepDateTm>2015-09-09T00:00:00</stepDateTm></prcStep><prcStep><stepDesc>Adjusted county boundaries to the March 2016 CadNSDI Montana (PLSS)</stepDesc><stepDateTm>2016-09-30T00:00:00</stepDateTm></prcStep><prcStep><stepDesc>Adjusted county boundaries to the October 2017 CadNSDI Montana (PLSS) and renamed Lewis and Clark</stepDesc><stepDateTm>2017-10-16T00:00:00</stepDateTm></prcStep><prcStep><stepDesc>Adjusted county boundaries to the November 2018 CadNSDI Montana (PLSS)</stepDesc><stepDateTm>2019-02-08T00:00:00</stepDateTm></prcStep><prcStep><stepDesc>Added a unique identifier (ID_UK); Aligned to the 2021 CadNSDI; Projected to NAD83 2011</stepDesc><stepDateTm>2021-06-25T00:00:00</stepDateTm></prcStep></dataLineage></dqInfo><spatRepInfo><VectSpatRep><geometObjs Name="County"><geoObjTyp><GeoObjTypCd value="002" Sync="TRUE"></GeoObjTypCd></geoObjTyp><geoObjCnt Sync="TRUE">0</geoObjCnt></geometObjs><topLvl><TopoLevCd value="001" Sync="TRUE"></TopoLevCd></topLvl></VectSpatRep></spatRepInfo><eainfo><detailed Name="County"><enttyp><enttypl Sync="TRUE">County</enttypl><enttypd>Counties of Montana</enttypd><enttypt Sync="TRUE">Feature Class</enttypt><enttypc Sync="TRUE">0</enttypc></enttyp><attr><attrlabl Sync="TRUE">FID</attrlabl><attalias Sync="TRUE">FID</attalias><attrtype Sync="TRUE">OID</attrtype><attwidth Sync="TRUE">4</attwidth><atprecis Sync="TRUE">0</atprecis><attscale Sync="TRUE">0</attscale><attrdef Sync="TRUE">Internal feature number.</attrdef><attrdefs Sync="TRUE">Esri</attrdefs><attrdomv><udom Sync="TRUE">Sequential unique whole numbers that are automatically generated.</udom></attrdomv></attr><attr><attrlabl>NAME</attrlabl><attrdef>Name of County</attrdef><attalias Sync="TRUE">NAME</attalias><attrtype Sync="TRUE">String</attrtype><attwidth Sync="TRUE">32</attwidth><atprecis Sync="TRUE">0</atprecis><attscale Sync="TRUE">0</attscale></attr><attr><attrlabl>SHAPE</attrlabl><attrdef>Feature geometry.</attrdef><attrdefs>ESRI</attrdefs><attrdomv><udom>Coordinates defining the features.</udom></attrdomv><attalias Sync="TRUE">Shape</attalias><attrtype Sync="TRUE">Geometry</attrtype><attwidth Sync="TRUE">0</attwidth><atprecis Sync="TRUE">0</atprecis><attscale Sync="TRUE">0</attscale></attr><attr><attrlabl Sync="TRUE">PKEY</attrlabl><attalias Sync="TRUE">PKEY</attalias><attrtype Sync="TRUE">String</attrtype><attwidth Sync="TRUE">35</attwidth><atprecis Sync="TRUE">0</atprecis><attscale Sync="TRUE">0</attscale></attr><attr><attrlabl Sync="TRUE">COUNTYNUMB</attrlabl><attalias Sync="TRUE">COUNTYNUMB</attalias><attrtype Sync="TRUE">Integer</attrtype><attwidth Sync="TRUE">5</attwidth><atprecis Sync="TRUE">5</atprecis><attscale Sync="TRUE">0</attscale></attr><attr><attrlabl>ACRES</attrlabl><attrdef>Area of county in acres</attrdef><attalias Sync="TRUE">ACRES</attalias><attrtype Sync="TRUE">Double</attrtype><attwidth Sync="TRUE">19</attwidth><atprecis Sync="TRUE">0</atprecis><attscale Sync="TRUE">0</attscale></attr><attr><attrlabl Sync="TRUE">PERIMETER</attrlabl><attalias Sync="TRUE">PERIMETER</attalias><attrtype Sync="TRUE">Double</attrtype><attwidth Sync="TRUE">19</attwidth><atprecis Sync="TRUE">0</atprecis><attscale Sync="TRUE">0</attscale></attr><attr><attrlabl>SQMILES</attrlabl><attrdef>Area of county in square miles</attrdef><attalias Sync="TRUE">SQMILES</attalias><attrtype Sync="TRUE">Double</attrtype><attwidth Sync="TRUE">19</attwidth><atprecis Sync="TRUE">0</atprecis><attscale Sync="TRUE">0</attscale></attr><attr><attrlabl Sync="TRUE">ALLFIPS</attrlabl><attalias Sync="TRUE">ALLFIPS</attalias><attrtype Sync="TRUE">String</attrtype><attwidth Sync="TRUE">5</attwidth><atprecis Sync="TRUE">0</atprecis><attscale Sync="TRUE">0</attscale></attr><attr><attrlabl>FIPS</attrlabl><attrdef>Federal Information Processing Standard county code</attrdef><attalias Sync="TRUE">FIPS</attalias><attrtype Sync="TRUE">String</attrtype><attwidth Sync="TRUE">3</attwidth><atprecis Sync="TRUE">0</atprecis><attscale Sync="TRUE">0</attscale></attr><attr><attrlabl Sync="TRUE">NAMELABEL</attrlabl><attalias Sync="TRUE">NAMELABEL</attalias><attrtype Sync="TRUE">String</attrtype><attwidth Sync="TRUE">32</attwidth><atprecis Sync="TRUE">0</atprecis><attscale Sync="TRUE">0</attscale></attr><attr><attrlabl Sync="TRUE">LAST_UPDAT</attrlabl><attalias Sync="TRUE">LAST_UPDAT</attalias><attrtype Sync="TRUE">Date</attrtype><attwidth Sync="TRUE">8</attwidth><atprecis Sync="TRUE">0</atprecis><attscale Sync="TRUE">0</attscale></attr><attr><attrlabl>NAMEABBR</attrlabl><attrdef>Two-letter abbreviation of county name</attrdef><attalias Sync="TRUE">NAMEABBR</attalias><attrtype Sync="TRUE">String</attrtype><attwidth Sync="TRUE">3</attwidth><atprecis Sync="TRUE">0</atprecis><attscale Sync="TRUE">0</attscale></attr><attr><attrlabl Sync="TRUE">BAS_ID</attrlabl><attalias Sync="TRUE">BAS_ID</attalias><attrtype Sync="TRUE">String</attrtype><attwidth Sync="TRUE">50</attwidth><atprecis Sync="TRUE">0</atprecis><attscale Sync="TRUE">0</attscale></attr><attr><attrlabl Sync="TRUE">Shape_Area</attrlabl><attalias Sync="TRUE">Shape_Area</attalias><attrtype Sync="TRUE">Double</attrtype><attwidth Sync="TRUE">19</attwidth><atprecis Sync="TRUE">0</atprecis><attscale Sync="TRUE">0</attscale><attrdef Sync="TRUE">Area of feature in internal units squared.</attrdef><attrdefs Sync="TRUE">Esri</attrdefs><attrdomv><udom Sync="TRUE">Positive real numbers that are automatically generated.</udom></attrdomv></attr><attr><attrlabl Sync="TRUE">Shape_Leng</attrlabl><attalias Sync="TRUE">Shape_Leng</attalias><attrtype Sync="TRUE">Double</attrtype><attwidth Sync="TRUE">19</attwidth><atprecis Sync="TRUE">0</atprecis><attscale Sync="TRUE">0</attscale></attr><attr><attrlabl Sync="TRUE">ID_UK</attrlabl><attalias Sync="TRUE">ID_UK</attalias><attrtype Sync="TRUE">String</attrtype><attwidth Sync="TRUE">50</attwidth><atprecis Sync="TRUE">0</atprecis><attscale Sync="TRUE">0</attscale></attr></detailed></eainfo><mdHrLvName Sync="TRUE">dataset</mdHrLvName><refSysInfo><RefSystem><refSysID><identCode code="6514" Sync="TRUE"/><idCodeSpace Sync="TRUE">EPSG</idCodeSpace><idVersion Sync="TRUE">8.2.10(10.3.1)</idVersion></refSysID></RefSystem></refSysInfo><spdoinfo><ptvctinf><esriterm Name="County"><efeatyp Sync="TRUE">Simple</efeatyp><efeageom code="4" Sync="TRUE"></efeageom><esritopo Sync="TRUE">FALSE</esritopo><efeacnt Sync="TRUE">0</efeacnt><spindex Sync="TRUE">FALSE</spindex><linrefer Sync="TRUE">FALSE</linrefer></esriterm></ptvctinf></spdoinfo><mdMaint><maintFreq><MaintFreqCd value="009"/></maintFreq></mdMaint></metadata>
