<metadata xml:lang="en"><Esri><CreaDate>20250425</CreaDate><CreaTime>09591900</CreaTime><ArcGISFormat>1.0</ArcGISFormat><ArcGISstyle>FGDC CSDGM Metadata</ArcGISstyle><SyncOnce>FALSE</SyncOnce><DataProperties><itemProps><itemLocation><linkage Sync="TRUE">file://\\MSLGEOINFO2833\D$\Publish\MontanaIncorporatedCitiesTowns_shp\Annexations.dbf</linkage><protocol Sync="TRUE">Local Area Network</protocol></itemLocation><itemName Sync="TRUE">Annexations</itemName><relatedItems><item><itemName Sync="TRUE">AdministrativeBoundaries.DBO.BNDY_MUNICIPALITY_HAS_MULTI_ANNEXATIONS</itemName><itemType Sync="TRUE">Relationship</itemType></item></relatedItems><imsContentType Sync="TRUE" export="False">002</imsContentType><itemSize Sync="TRUE">0.001</itemSize></itemProps><lineage><Process ToolSource="c:\program files\arcgis\pro\Resources\ArcToolbox\toolboxes\Data Management Tools.tbx\CalculateField" Date="20240802" Time="124238">CalculateField AdministrativeBoundaries.DBO.BNDY_Municipality_Annexations BAS_ID '13000035600' "Python 3" # Text NO_ENFORCE_DOMAINS</Process><Process ToolSource="c:\program files\arcgis\pro\Resources\ArcToolbox\toolboxes\Data Management Tools.tbx\CopyRows" Date="20250425" Time="095545">CopyRows \\state.mt.ads\MSL\Share\MSDL\GEOINFO\05-MSDI_DataDev\AdminBoundaries\databaseconnections\ENTMSL0023GEOPRD_geodbo\ENTMSL0023_GEOPRD_AdministrativeBoundaries_geodbo.sde\AdministrativeBoundaries.DBO.BNDY_Municipality_Annexations G:\GEOINFO\05-MSDI_DataDev\AdminBoundaries\Publish\20250425\Publish_20250425.gdb\BNDY_Municipality_Annexations #</Process><Process ToolSource="c:\program files\arcgis\pro\Resources\ArcToolbox\Toolboxes\Data Management Tools.tbx\CopyMultiple" Date="20250425" Time="095928">CopyMultiple "\\state.mt.ads\MSL\Share\MSDL\GEOINFO\05-MSDI_DataDev\AdminBoundaries\Publish\20250425\Publish_20250425.gdb\BNDY_Municipality_Annexations Table" D:\Scratch\20250425\Publish_20250425.gdb BNDY_Municipality_Annexations "BNDY_Municipality_Annexations TableDataset BNDY_Municipality_Annexations #"</Process><Process ToolSource="c:\program files (x86)\arcgis\desktop10.7\ArcToolbox\Toolboxes\Data Management Tools.tbx\CopyRows" Date="20250516" Time="085959">CopyRows D:\Scratch\20250425\Publish_20250425.gdb\BNDY_Municipality_Annexations D:\\Publish\\MontanaIncorporatedCitiesTowns.gdb\Annexations #</Process><Process ToolSource="c:\program files (x86)\arcgis\desktop10.7\ArcToolbox\Toolboxes\Data Management Tools.tbx\CopyRows" Date="20250516" Time="090001">CopyRows D:\\Publish\\MontanaIncorporatedCitiesTowns.gdb\Annexations D:\\Publish\\MontanaIncorporatedCitiesTowns_shp\Annexations.dbf #</Process></lineage></DataProperties><SyncDate>20250516</SyncDate><SyncTime>09000100</SyncTime><ModDate>20250516</ModDate><ModTime>09000100</ModTime><scaleRange><minScale>150000000</minScale><maxScale>5000</maxScale></scaleRange><ArcGISProfile>FGDC</ArcGISProfile></Esri><mdLang><languageCode value="eng"/><countryCode value="USA" Sync="TRUE"/></mdLang><mdChar><CharSetCd value="004"/></mdChar><mdHrLv><ScopeCd value="005"/></mdHrLv><mdHrLvName Sync="TRUE">dataset</mdHrLvName><mdContact xmlns=""><rpOrgName>Montana State Library</rpOrgName><rpPosName>Montana Administrative Boundaries Framework Coordinator</rpPosName><rpCntInfo xmlns=""><cntPhone><voiceNum tddtty="">(406) 444-5354</voiceNum><voiceNum tddtty="True">Montana Relay 711</voiceNum><faxNum>(406) 444-0266</faxNum></cntPhone><cntAddress addressType="postal"><delPoint>P.O. Box 201800</delPoint><city>Helena</city><adminArea>Montana</adminArea><postCode>59620</postCode><country>US</country><eMailAdd>geoinfo@mt.gov</eMailAdd></cntAddress><cntHours>8-5</cntHours><cntInstr>please call or e-mail</cntInstr></rpCntInfo><role><RoleCd value="007"/></role></mdContact><mdDateSt Sync="FALSE">20240404</mdDateSt><mdStanName>ArcGIS Metadata</mdStanName><mdStanVer>1.0</mdStanVer><distInfo xmlns=""><distributor xmlns=""><distorCont xmlns=""><rpOrgName>Montana State Library</rpOrgName><rpCntInfo xmlns=""><cntPhone><voiceNum tddtty="">406-444-5354</voiceNum><voiceNum tddtty="True">Montana Relay 711</voiceNum><faxNum>(406) 444-0266</faxNum></cntPhone><cntAddress addressType="postal"><delPoint>P.O. Box 201800</delPoint><city>Helena</city><adminArea>Montana</adminArea><postCode>59620</postCode><country>US</country><eMailAdd>geoinfo@mt.gov</eMailAdd></cntAddress><cntHours>8-5</cntHours></rpCntInfo><role><RoleCd value="005"/></role></distorCont></distributor><distTranOps xmlns=""><onLineSrc><linkage>http://ftp.geoinfo.msl.mt.gov/Data/Spatial/MSDI/AdministrativeBoundaries/</linkage></onLineSrc><transSize Sync="TRUE">0.001</transSize></distTranOps><distFormat xmlns=""><formatName Sync="TRUE">dBASE Table</formatName></distFormat></distInfo><dataIdInfo><idCitation><resTitle Sync="FALSE">Montana Incorporated Cities and Towns Annexations</resTitle><date><pubDate>2024-04-04T00:00:00</pubDate></date><citRespParty><rpOrgName>Montana State Library</rpOrgName><rpCntInfo><cntAddress addressType="postal"><delPoint>PO Box 201800</delPoint><city>Helena</city><adminArea>MT</adminArea><postCode>59620-1800</postCode><country>US</country></cntAddress></rpCntInfo><role><RoleCd value="010"/></role></citRespParty><citRespParty><rpOrgName>Montana State Library</rpOrgName><role><RoleCd value="006"/></role></citRespParty><presForm><PresFormCd value="005"/></presForm><presForm><fgdcGeoform>vector digital data</fgdcGeoform></presForm><collTitle>Montana Administrative Boundaries ArcGIS Server Map Service</collTitle></idCitation><idAbs>&lt;DIV STYLE="text-align:Left;"&gt;&lt;DIV&gt;&lt;DIV&gt;&lt;P&gt;&lt;SPAN&gt;The US Census Bureau Boundary and Annexation (BAS) Survey is conducted every year. Annexations that are collected during the survey are published by the Census Bureau annually in the Legal Boundary Change File.  These have made these available in a related table.&lt;/SPAN&gt;&lt;/P&gt;&lt;P&gt;&lt;SPAN&gt;https://www.census.gov/geographies/reference-files/time-series/geo/bas/annex.html&lt;/SPAN&gt;&lt;/P&gt;&lt;P&gt;&lt;SPAN /&gt;&lt;/P&gt;&lt;/DIV&gt;&lt;/DIV&gt;&lt;/DIV&gt;</idAbs><idPurp>This dataset is collection of annexations from the US Census Bureau Boundary and Annexation Survey (BAS) for the incorporated city and town boundaries in the State of Montana. </idPurp><idStatus><ProgCd value="001"/></idStatus><idPoC xmlns=""><rpOrgName>Montana State Library</rpOrgName><rpPosName>The Montana State Library</rpPosName><rpCntInfo xmlns=""><cntPhone><voiceNum tddtty="">406-444-5354</voiceNum><voiceNum tddtty="True">Montana Relay 711</voiceNum><faxNum>406-444-0266</faxNum></cntPhone><cntAddress addressType="postal"><delPoint>P.O. Box 201800</delPoint><city>Helena</city><adminArea>Montana</adminArea><postCode>59620</postCode><country>US</country><eMailAdd>geoinfo@mt.gov</eMailAdd></cntAddress><cntHours>8-5</cntHours></rpCntInfo><role><RoleCd value="007"/></role></idPoC><resMaint><maintFreq><MaintFreqCd value="009"/></maintFreq></resMaint><placeKeys xmlns=""><keyword>Montana</keyword></placeKeys><tempKeys xmlns=""><keyword>2017</keyword></tempKeys><themeKeys xmlns=""><thesaName xmlns=""><resTitle>ISO 19115 Topic Category</resTitle></thesaName><keyword>boundaries</keyword></themeKeys><themeKeys xmlns=""><keyword>Montana Spatial Data Infrastructure</keyword><keyword>MSDI Administrative Boundaries</keyword><keyword>Montana Towns</keyword><keyword>incorporated cities and towns</keyword><keyword>municipalities</keyword><keyword>montana</keyword><keyword>montana town</keyword><keyword>city</keyword><keyword>montana city boundary</keyword><keyword>montana town boundary</keyword><keyword>municipality</keyword><keyword>incorporated town</keyword><keyword>incorporated city</keyword><keyword>cities</keyword><keyword>incorporated places</keyword><keyword>towns</keyword><keyword>city limits</keyword><keyword>municipal boundary</keyword><keyword>town</keyword><keyword>Administrative Boundaries</keyword><keyword>town boundary</keyword><keyword>montana city</keyword><keyword>municipal boundaries</keyword><keyword>Montana Cities</keyword><keyword>MSDI</keyword><keyword>city boundary</keyword><keyword>annexation</keyword></themeKeys><searchKeys><keyword>Montana Spatial Data Infrastructure</keyword><keyword>MSDI Administrative Boundaries</keyword><keyword>Montana Towns</keyword><keyword>incorporated cities and towns</keyword><keyword>municipalities</keyword><keyword>Montana</keyword><keyword>Montana town</keyword><keyword>city</keyword><keyword>Montana city boundary</keyword><keyword>Montana town boundary</keyword><keyword>municipality</keyword><keyword>incorporated town</keyword><keyword>Montana</keyword><keyword>incorporated city</keyword><keyword>cities</keyword><keyword>incorporated places</keyword><keyword>towns</keyword><keyword>city limits</keyword><keyword>municipal boundary</keyword><keyword>town</keyword><keyword>Administrative Boundaries</keyword><keyword>town boundary</keyword><keyword>Montana city</keyword><keyword>municipal boundaries</keyword><keyword>Montana Cities</keyword><keyword>boundaries</keyword><keyword>MSDI</keyword><keyword>city boundary</keyword><keyword>annexations</keyword></searchKeys><resConst><LegConsts><useLimit>The Montana State Library (MSL) provides this product/service for informational purposes only. The MSL did not produce it for, nor is it suitable for legal, engineering, or surveying purposes. Consumers of this information should review or consult the primary data and information sources to ascertain the viability of the information for their purposes. The MSL provides these data in good faith and in no event, shall be liable for any incorrect results or analysis, any lost profits and special, indirect or consequential damages to any party, arising out of or in connection with the use or the inability to use the data or the services provided. The MSL makes these data and services available as a convenience to the public, and for no other purpose. The MSL reserves the right to change or revise published data and/or services at any time.</useLimit></LegConsts></resConst><resConst><SecConsts><class><ClasscationCd value="001"/></class></SecConsts></resConst><resConst><Consts><useLimit>&lt;DIV STYLE="text-align:Left;"&gt;&lt;DIV&gt;&lt;DIV&gt;&lt;P&gt;&lt;SPAN&gt;DISCLAIMER: The Montana State Library Geographic Information Services provides this product/service for informational purposes only. The Library did not produce it for, nor is it suitable for legal, engineering, or surveying purposes. Consumers of this information should review or consult the primary data and information sources to ascertain the viability of the information for their purposes. The Library provides these data in good faith but does not represent or warrant its accuracy, adequacy, or completeness. In no event shall the Library be liable for any incorrect results or analysis; any direct, indirect, special, or consequential damages to any party; or any lost profits arising out of or in connection with the use or the inability to use the data or the services provided. The Library makes these data and services available as a convenience to the public, and for no other purpose. The Library reserves the right to change or revise published data and/or services at any time.&lt;/SPAN&gt;&lt;/P&gt;&lt;/DIV&gt;&lt;/DIV&gt;&lt;/DIV&gt;</useLimit></Consts></resConst><aggrInfo><aggrDSName><resTitle>Montana Administrative Boundaries ArcGIS Server Map Service</resTitle><citRespParty><rpOrgName>Montana State Library</rpOrgName><role><RoleCd value="006"/></role></citRespParty><citOnlineRes><linkage>https://mslservices.mt.gov/Geographic_Information/Data/DataList/datalist_Details.aspx?did={a43101d4-295a-4bcb-890c-3218abbda60e}</linkage></citOnlineRes></aggrDSName><assocType><AscTypeCd value="002"/></assocType></aggrInfo><spatRpType><SpatRepTypCd value="003" Sync="TRUE"></SpatRepTypCd></spatRpType><dataLang><languageCode value="eng"/><countryCode value="USA" Sync="TRUE"/></dataLang><envirDesc Sync="TRUE"> Version 6.2 (Build 9200) ; Esri ArcGIS 10.7.1.11595</envirDesc><dataExt xmlns=""><geoEle xmlns=""><GeoBndBox><westBL>-115.956075</westBL><eastBL>-103.929493</eastBL><southBL>44.503963</southBL><northBL>49.036997</northBL></GeoBndBox></geoEle></dataExt><dataExt xmlns=""><exDesc>publication date</exDesc><tempEle><TempExtent><exTemp><TM_Instant><tmPosition>2024-04-04T00:00:00</tmPosition></TM_Instant></exTemp></TempExtent></tempEle></dataExt><suppInfo>The Montana Incorporated Cities and Towns file geodatabase dataset represent Montana's incorporated city and town boundaries. The Montana State Library and the MSDI supports a federated database approach to all MSDI layers. Montana defines a federated approach as a method that supports the integration and utilization of data from multiple data providers, while retaining the primary maintenance responsibility with the provider. Most of Montana's framework data model efforts have adopted a federated approach that leverages multiple data providers and thus multiple data maintainers. The boundary files were created based on the best available source data received the Montana Department of Transportation's Fuel Tax Layer and County/City Government's GIS Programs. The Fuel Tax layer was adjusted to the most current version of the Montana GCDB and Cadastral Parcels. Digital data used as a base layer to adjust these boundary files were the best available source at the time: Cadastral (parcel lines), Geographic Coordination Data Base (GCDB), National Agriculture Imagery Program (NAIP) Imagery, US Census Places Data. Incorporated City and Town Class/Type information was taken from the Directory of Montana Municipal Officials published by the Montana League of Cities and Towns (208 N. Montana Avenue Suite 201 Helena, MT 59624), August 2009. It is plausible that errors do exist and we welcome all corrections. If you do have a correction to a boundary please contact the Administrative Boundaries Data Coordinator.</suppInfo><dataChar><CharSetCd value="004"/></dataChar><idCredit>US Census Bureau, Montana State Library</idCredit><tpCat><TopicCatCd value="017"/></tpCat><tpCat><TopicCatCd value="003"/></tpCat></dataIdInfo><mdMaint><maintFreq><MaintFreqCd value="009"/></maintFreq></mdMaint><dqInfo><dqScope><scpLvl><ScopeCd value="005"/></scpLvl></dqScope><dataLineage><prcStep><stepDesc>Geometry updates geometry included annexations and alignment with the July 2015 CadNSDI Montana (PLSS) for the following incorporated places: Belgrade, Big Timber, Boulder, Bozeman, Clyde Park, Dillon, East Helena, Ennis, Harlowton, Helena, Livingston, Manhattan, Sheridan, Three Forks, Townsend, Twin Bridges, Virginia City, White Sulphur Springs, Whitehall</stepDesc><stepDateTm>2015-09-09T00:00:00</stepDateTm></prcStep><prcStep><stepDesc>Geometry updates included annexations and alignment with the September 2016 CadNSDI Montana (PLSS) for the following incorporated places: Bainville, Baker, Billings, Bozeman, Broadview, Circle, Columbia Falls, Culbertson, Fairview, Flaxville, Froid, Great Falls, Helena, Kalispell, Laurel, Medicine Lake, Missoula, Outlook, Plentywood, Polson, Poplar, Rexford, Scobey, Sidney, Westby, Wibaux, Whitefish</stepDesc><stepDateTm>2016-09-30T00:00:00</stepDateTm></prcStep><prcStep><stepDesc>Schema Updates included the addition of Year Incorporated, Acres, and Square Miles; Geometry updates for annexations and deannexations for the following incorporated places: Belgrade, Billings, Bozeman, Columbia Falls, Conrad, Darby, Glasgow, Great Falls, Hamilton, Hardin, Helena, Kalispell, Lewistown, Miles City, Missoula, Stevensville, Three Forks, Twin Bridges, Whitefish</stepDesc><stepDateTm>2017-04-28T00:00:00</stepDateTm></prcStep><prcStep><stepDesc>Geometry updates included annexations and alignment with the October 2017 CadNSDI Montana (PLSS) for the following incorporated places: Belgrade, Billings, Bozeman, Bridger, Clyde Park, East Helena, Eureka, Hardin, Helena, Laurel, Livingston, Rexford, Three Forks, Twin Bridges, Whitefish</stepDesc><stepDateTm>2017-10-16T00:00:00</stepDateTm></prcStep><prcStep><stepDesc>Geometry updates included annexations and alignment with the November 2018 CadNSDI Montana (PLSS) for the following incorporated places: Billings, Bozeman, Great Falls, Helena, Kalispell, Laurel, Missoula, Stevensville, Thompson Falls, Whitefish; Brockton (Roosevelt County) and Browning (Glacier County) were disincorporated in 2018</stepDesc><stepDateTm>2019-02-08T00:00:00</stepDateTm></prcStep><prcStep><stepDesc>Geometry updates included annexations for Dillon and Columbus</stepDesc><stepDateTm>2019-04-25T00:00:00</stepDateTm></prcStep><prcStep><stepDesc>Updated Circle Boundary; Added BAS_ID attribute from the US Census Bureau and related table with Annexations and Legal Boundary Changes recorded through the US Census Bureau Boundary and Annexation Program (BAS): https://www.census.gov/geographies/reference-files/time-series/geo/bas/annex.html</stepDesc><stepDateTm>2019-05-02T00:00:00</stepDateTm></prcStep><prcStep><stepDesc>Updated Deer Lodge </stepDesc><stepDateTm>2020-06-10T00:00:00</stepDateTm></prcStep><prcStep><stepDesc>Geometry updates included Belgrade, Billings, Bozeman, Bridger, Great Falls, Hardin, Helena, Kalispell, Missoula, Plains, and Whitefish</stepDesc><stepDateTm>2020-06-19T00:00:00</stepDateTm></prcStep><prcStep><stepDesc>Added Census BAS Annexations for 2019 and 2020; Boundary updates for: Deer Lodge, Wolf Point</stepDesc><stepDateTm>2021-04-02T00:00:00</stepDateTm></prcStep><prcStep><stepDesc>Added Census BAS Annexations for 2019 and 2020; Boundary updates for: Baker, Billings, Bozeman, Circle, Columbia Falls, Darby, Deer Lodge, Drummond, Great Falls, Hamilton, Kalispell, Missoula, Ronan, Stevensville, Three Forks, Wolf Point;</stepDesc><stepDateTm>2021-04-20T00:00:00</stepDateTm></prcStep><prcStep><stepDesc>Boundary updates for Big Timber, Townsend, Malta, and Polson; Added a unique identifier (ID_UK); Aligned to the 2021 CadNSDI; Projected to NAD83 2011</stepDesc><stepDateTm>2021-06-25T00:00:00</stepDateTm></prcStep><prcStep><stepDesc>Updated Sheridan with the boundary submitted for the FY2018 MLIA Grant for the Town of Sheridan</stepDesc><stepDateTm>2021-08-19T00:00:00</stepDateTm></prcStep><prcStep><stepDesc>Updated boundaries for the Geo-Enabled Elections work</stepDesc><stepDateTm>2022-03-28T00:00:00</stepDateTm></prcStep><prcStep><stepDesc>Updated boundaries for the Geo-Enabled Elections work</stepDesc><stepDateTm>2023-01-06T00:00:00</stepDateTm></prcStep><prcStep><stepDesc>Updated boundaries for the Geo-Enabled Elections work; Added 2022 and 2023 US Census Bureau Boundary and Annexation Survey (BAS) Annexations</stepDesc><stepDateTm>2024-04-04T00:00:00</stepDateTm></prcStep></dataLineage></dqInfo><spatRepInfo><VectSpatRep><geometObjs Name="AdministrativeBoundaries.DBO.BNDY_Municipality"><geoObjTyp><GeoObjTypCd value="002" Sync="TRUE"/></geoObjTyp><geoObjCnt Sync="TRUE">131</geoObjCnt></geometObjs><topLvl><TopoLevCd value="001" Sync="TRUE"/></topLvl></VectSpatRep></spatRepInfo><refSysInfo><RefSystem><refSysID><identCode code="6514" Sync="TRUE"/><idCodeSpace Sync="TRUE">EPSG</idCodeSpace><idVersion Sync="TRUE">8.2.10(10.3.1)</idVersion></refSysID></RefSystem></refSysInfo><eainfo><detailed Name="Annexations"><enttyp><enttypl Sync="TRUE">Annexations</enttypl><enttypd>Montana Incorporated Cities and Towns</enttypd><enttypds>Montana State Library</enttypds><enttypt Sync="TRUE">Table</enttypt><enttypc Sync="TRUE">0</enttypc></enttyp><attr><attrlabl Sync="TRUE">OID</attrlabl><attalias Sync="TRUE">OID</attalias><attrtype Sync="TRUE">OID</attrtype><attwidth Sync="TRUE">4</attwidth><atprecis Sync="TRUE">0</atprecis><attscale Sync="TRUE">0</attscale><attrdef Sync="TRUE">Internal feature number.</attrdef><attrdefs Sync="TRUE">Esri</attrdefs><attrdomv><udom Sync="TRUE">Sequential unique whole numbers that are automatically generated.</udom></attrdomv></attr><attr><attrlabl Sync="TRUE">BAS_ID</attrlabl><attalias Sync="TRUE">BAS_ID</attalias><attrtype Sync="TRUE">String</attrtype><attwidth Sync="TRUE">254</attwidth><atprecis Sync="TRUE">0</atprecis><attscale Sync="TRUE">0</attscale></attr><attr><attrlabl Sync="TRUE">GEOID</attrlabl><attalias Sync="TRUE">GEOID</attalias><attrtype Sync="TRUE">String</attrtype><attwidth Sync="TRUE">254</attwidth><atprecis Sync="TRUE">0</atprecis><attscale Sync="TRUE">0</attscale></attr><attr><attrlabl Sync="TRUE">GCATOID</attrlabl><attalias Sync="TRUE">GCATOID</attalias><attrtype Sync="TRUE">String</attrtype><attwidth Sync="TRUE">254</attwidth><atprecis Sync="TRUE">0</atprecis><attscale Sync="TRUE">0</attscale></attr><attr><attrlabl Sync="TRUE">Entity_Nam</attrlabl><attalias Sync="TRUE">Entity_Nam</attalias><attrtype Sync="TRUE">String</attrtype><attwidth Sync="TRUE">254</attwidth><atprecis Sync="TRUE">0</atprecis><attscale Sync="TRUE">0</attscale></attr><attr><attrlabl Sync="TRUE">Entity_FIP</attrlabl><attalias Sync="TRUE">Entity_FIP</attalias><attrtype Sync="TRUE">String</attrtype><attwidth Sync="TRUE">254</attwidth><atprecis Sync="TRUE">0</atprecis><attscale Sync="TRUE">0</attscale></attr><attr><attrlabl Sync="TRUE">Action</attrlabl><attalias Sync="TRUE">Action</attalias><attrtype Sync="TRUE">String</attrtype><attwidth Sync="TRUE">254</attwidth><atprecis Sync="TRUE">0</atprecis><attscale Sync="TRUE">0</attscale></attr><attr><attrlabl Sync="TRUE">Authorizat</attrlabl><attalias Sync="TRUE">Authorizat</attalias><attrtype Sync="TRUE">String</attrtype><attwidth Sync="TRUE">254</attwidth><atprecis Sync="TRUE">0</atprecis><attscale Sync="TRUE">0</attscale></attr><attr><attrlabl Sync="TRUE">Local_Effe</attrlabl><attalias Sync="TRUE">Local_Effe</attalias><attrtype Sync="TRUE">String</attrtype><attwidth Sync="TRUE">254</attwidth><atprecis Sync="TRUE">0</atprecis><attscale Sync="TRUE">0</attscale></attr><attr><attrlabl Sync="TRUE">Secondary_</attrlabl><attalias Sync="TRUE">Secondary_</attalias><attrtype Sync="TRUE">String</attrtype><attwidth Sync="TRUE">254</attwidth><atprecis Sync="TRUE">0</atprecis><attscale Sync="TRUE">0</attscale></attr><attr><attrlabl Sync="TRUE">Local_Ef_1</attrlabl><attalias Sync="TRUE">Local_Ef_1</attalias><attrtype Sync="TRUE">String</attrtype><attwidth Sync="TRUE">254</attwidth><atprecis Sync="TRUE">0</atprecis><attscale Sync="TRUE">0</attscale></attr><attr><attrlabl Sync="TRUE">Secondary1</attrlabl><attalias Sync="TRUE">Secondary1</attalias><attrtype Sync="TRUE">String</attrtype><attwidth Sync="TRUE">254</attwidth><atprecis Sync="TRUE">0</atprecis><attscale Sync="TRUE">0</attscale></attr><attr><attrlabl Sync="TRUE">Acreage</attrlabl><attalias Sync="TRUE">Acreage</attalias><attrtype Sync="TRUE">String</attrtype><attwidth Sync="TRUE">254</attwidth><atprecis Sync="TRUE">0</atprecis><attscale Sync="TRUE">0</attscale></attr><attr><attrlabl Sync="TRUE">Keying_Dat</attrlabl><attalias Sync="TRUE">Keying_Dat</attalias><attrtype Sync="TRUE">String</attrtype><attwidth Sync="TRUE">254</attwidth><atprecis Sync="TRUE">0</atprecis><attscale Sync="TRUE">0</attscale></attr><attr><attrlabl Sync="TRUE">State_USPS</attrlabl><attalias Sync="TRUE">State_USPS</attalias><attrtype Sync="TRUE">String</attrtype><attwidth Sync="TRUE">254</attwidth><atprecis Sync="TRUE">0</atprecis><attscale Sync="TRUE">0</attscale></attr><attr><attrlabl Sync="TRUE">State_FIPS</attrlabl><attalias Sync="TRUE">State_FIPS</attalias><attrtype Sync="TRUE">String</attrtype><attwidth Sync="TRUE">254</attwidth><atprecis Sync="TRUE">0</atprecis><attscale Sync="TRUE">0</attscale></attr><attr><attrlabl Sync="TRUE">State_Name</attrlabl><attalias Sync="TRUE">State_Name</attalias><attrtype Sync="TRUE">String</attrtype><attwidth Sync="TRUE">254</attwidth><atprecis Sync="TRUE">0</atprecis><attscale Sync="TRUE">0</attscale></attr><attr><attrlabl Sync="TRUE">State_Cert</attrlabl><attalias Sync="TRUE">State_Cert</attalias><attrtype Sync="TRUE">String</attrtype><attwidth Sync="TRUE">254</attwidth><atprecis Sync="TRUE">0</atprecis><attscale Sync="TRUE">0</attscale></attr><attr><attrlabl Sync="TRUE">Effective_</attrlabl><attalias Sync="TRUE">Effective_</attalias><attrtype Sync="TRUE">String</attrtype><attwidth Sync="TRUE">15</attwidth><atprecis Sync="TRUE">0</atprecis><attscale Sync="TRUE">0</attscale></attr></detailed></eainfo></metadata>
